customer_id,txn_date,amount,category
15,2025-01-02,13.45,groceries
25,2025-01-02,19.14,retail
36,2025-01-02,63.13,retail
39,2025-01-02,9.42,fuel
42,2025-01-02,12.03,utilities
66,2025-01-02,45.24,groceries
96,2025-01-02,117.87,travel
109,2025-01-02,138.99,travel
112,2025-01-02,59.98,utilities
5,2025-01-03,54.55,dining
15,2025-01-03,8.97,groceries
24,2025-01-03,19.21,groceries
25,2025-01-03,15.85,fuel
33,2025-01-03,70.3,fuel
38,2025-01-03,18.7,retail
62,2025-01-03,44.85,groceries
65,2025-01-03,93.52,retail
77,2025-01-03,32.08,utilities
80,2025-01-03,14.53,retail
93,2025-01-03,8.98,utilities
108,2025-01-03,26.75,dining
5,2025-01-04,50.71,utilities
14,2025-01-04,120.07,dining
24,2025-01-04,85.9,groceries
45,2025-01-04,30.21,dining
46,2025-01-04,18.64,dining
62,2025-01-04,89.79,dining
84,2025-01-04,53.26,utilities
3,2025-01-05,19.31,retail
8,2025-01-05,13.98,fuel
12,2025-01-05,71.63,utilities
14,2025-01-05,98.63,retail
28,2025-01-05,27.1,groceries
35,2025-01-05,36.67,dining
60,2025-01-05,17.11,fuel
63,2025-01-05,74.06,utilities
82,2025-01-05,25.5,groceries
111,2025-01-05,140.04,retail
9,2025-01-06,12.37,utilities
10,2025-01-06,14.47,groceries
21,2025-01-06,26.6,retail
28,2025-01-06,34.78,utilities
49,2025-01-06,12.04,utilities
55,2025-01-06,11.52,dining
57,2025-01-06,51.86,dining
59,2025-01-06,84.11,utilities
73,2025-01-06,23.16,retail
75,2025-01-06,15.35,retail
82,2025-01-06,15.58,retail
95,2025-01-06,81.13,utilities
103,2025-01-06,97.06,fuel
7,2025-01-07,51.51,travel
33,2025-01-07,41.7,groceries
38,2025-01-07,19.89,groceries
59,2025-01-07,24.08,dining
66,2025-01-07,55.3,groceries
92,2025-01-07,84.02,dining
96,2025-01-07,51.43,dining
100,2025-01-07,8.02,travel
102,2025-01-07,58.69,dining
104,2025-01-07,51.51,utilities
105,2025-01-07,43.97,dining
106,2025-01-07,66.27,travel
119,2025-01-07,7.97,utilities
120,2025-01-07,25.07,retail
4,2025-01-08,86.5,fuel
7,2025-01-08,42.52,groceries
13,2025-01-08,33.7,travel
17,2025-01-08,52.08,dining
23,2025-01-08,26.47,utilities
25,2025-01-08,31.86,dining
26,2025-01-08,44.66,travel
29,2025-01-08,56.57,retail
36,2025-01-08,59.88,fuel
38,2025-01-08,14.89,retail
69,2025-01-08,37.93,groceries
72,2025-01-08,21.6,groceries
86,2025-01-08,17.68,groceries
91,2025-01-08,68.26,fuel
94,2025-01-08,18.34,fuel
116,2025-01-08,42.12,retail
1,2025-01-09,22.69,utilities
12,2025-01-09,119.51,travel
18,2025-01-09,44.21,fuel
31,2025-01-09,28.73,fuel
46,2025-01-09,9.34,utilities
56,2025-01-09,111.09,travel
68,2025-01-09,40.36,groceries
87,2025-01-09,12.15,retail
89,2025-01-09,27.25,dining
90,2025-01-09,94.7,groceries
92,2025-01-09,67.92,dining
97,2025-01-09,17.85,dining
100,2025-01-09,14.54,travel
108,2025-01-09,18.26,fuel
109,2025-01-09,134.99,dining
110,2025-01-09,13.69,utilities
112,2025-01-09,7.0,groceries
118,2025-01-09,176.33,groceries
4,2025-01-10,67.99,groceries
9,2025-01-10,74.82,fuel
11,2025-01-10,14.19,travel
15,2025-01-10,33.99,travel
26,2025-01-10,57.98,fuel
42,2025-01-10,37.62,groceries
44,2025-01-10,112.43,travel
55,2025-01-10,52.64,travel
63,2025-01-10,56.73,utilities
75,2025-01-10,31.71,dining
82,2025-01-10,45.98,retail
96,2025-01-10,7.1,fuel
100,2025-01-10,20.37,dining
104,2025-01-10,30.56,groceries
113,2025-01-10,62.6,travel
10,2025-01-11,36.86,utilities
16,2025-01-11,17.11,fuel
19,2025-01-11,25.58,groceries
24,2025-01-11,54.83,fuel
44,2025-01-11,15.42,groceries
48,2025-01-11,36.95,fuel
74,2025-01-11,13.25,dining
80,2025-01-11,13.34,dining
116,2025-01-11,55.08,groceries
120,2025-01-11,17.76,retail
14,2025-01-12,71.36,fuel
30,2025-01-12,247.7,fuel
37,2025-01-12,44.06,utilities
50,2025-01-12,33.88,utilities
57,2025-01-12,12.33,retail
70,2025-01-12,28.95,fuel
73,2025-01-12,26.16,retail
78,2025-01-12,54.31,dining
79,2025-01-12,46.41,groceries
83,2025-01-12,20.45,utilities
88,2025-01-12,16.58,fuel
97,2025-01-12,22.7,retail
108,2025-01-12,99.0,utilities
112,2025-01-12,10.84,dining
119,2025-01-12,34.53,retail
6,2025-01-13,28.0,fuel
14,2025-01-13,30.19,dining
16,2025-01-13,39.54,travel
20,2025-01-13,94.2,retail
21,2025-01-13,15.84,fuel
22,2025-01-13,71.83,travel
27,2025-01-13,9.11,utilities
35,2025-01-13,60.96,groceries
39,2025-01-13,13.29,dining
41,2025-01-13,8.53,fuel
58,2025-01-13,26.74,fuel
59,2025-01-13,44.95,groceries
61,2025-01-13,56.74,utilities
63,2025-01-13,50.61,retail
64,2025-01-13,15.53,dining
66,2025-01-13,64.69,fuel
75,2025-01-13,45.47,fuel
78,2025-01-13,56.88,travel
90,2025-01-13,315.86,retail
99,2025-01-13,31.43,groceries
101,2025-01-13,23.48,dining
105,2025-01-13,79.02,retail
107,2025-01-13,49.88,retail
114,2025-01-13,31.73,retail
117,2025-01-13,50.6,dining
34,2025-01-14,10.88,fuel
39,2025-01-14,23.03,utilities
43,2025-01-14,7.83,groceries
45,2025-01-14,32.16,groceries
47,2025-01-14,196.37,travel
48,2025-01-14,9.88,utilities
50,2025-01-14,29.71,dining
51,2025-01-14,67.9,retail
54,2025-01-14,20.45,utilities
57,2025-01-14,106.97,travel
60,2025-01-14,8.17,dining
67,2025-01-14,34.29,dining
81,2025-01-14,153.25,retail
84,2025-01-14,15.99,retail
85,2025-01-14,42.19,utilities
90,2025-01-14,51.79,dining
101,2025-01-14,23.19,groceries
115,2025-01-14,50.43,utilities
2,2025-01-15,126.71,groceries
4,2025-01-15,16.95,dining
8,2025-01-15,12.0,utilities
25,2025-01-15,14.56,retail
32,2025-01-15,20.57,dining
37,2025-01-15,55.15,dining
40,2025-01-15,40.06,dining
48,2025-01-15,74.45,dining
49,2025-01-15,24.02,travel
50,2025-01-15,26.34,retail
52,2025-01-15,39.39,fuel
53,2025-01-15,28.1,fuel
60,2025-01-15,8.12,groceries
65,2025-01-15,32.17,groceries
71,2025-01-15,6.09,retail
76,2025-01-15,7.75,dining
77,2025-01-15,63.22,groceries
88,2025-01-15,25.56,utilities
98,2025-01-15,4.94,utilities
106,2025-01-15,163.1,utilities
109,2025-01-15,134.29,groceries
118,2025-01-15,79.07,dining
5,2025-01-16,47.26,travel
22,2025-01-16,30.08,retail
49,2025-01-16,80.1,fuel
74,2025-01-16,116.5,travel
84,2025-01-16,41.4,retail
93,2025-01-16,26.15,fuel
108,2025-01-16,48.15,dining
111,2025-01-16,77.66,groceries
114,2025-01-16,50.59,groceries
4,2025-01-17,51.34,utilities
8,2025-01-17,21.44,dining
13,2025-01-17,103.89,travel
28,2025-01-17,101.4,retail
31,2025-01-17,128.22,dining
34,2025-01-17,20.45,groceries
37,2025-01-17,8.8,travel
41,2025-01-17,106.78,groceries
42,2025-01-17,18.66,fuel
43,2025-01-17,9.39,groceries
46,2025-01-17,16.84,utilities
62,2025-01-17,158.46,utilities
64,2025-01-17,66.87,fuel
107,2025-01-17,83.58,retail
3,2025-01-18,68.61,utilities
7,2025-01-18,764.56,dining
18,2025-01-18,43.33,dining
20,2025-01-18,16.65,dining
28,2025-01-18,30.02,utilities
45,2025-01-18,54.28,utilities
65,2025-01-18,25.88,retail
75,2025-01-18,37.33,travel
80,2025-01-18,31.33,retail
86,2025-01-18,101.32,dining
92,2025-01-18,139.79,retail
95,2025-01-18,6.75,groceries
120,2025-01-18,4.78,retail
6,2025-01-19,25.36,fuel
11,2025-01-19,36.55,groceries
15,2025-01-19,103.23,dining
22,2025-01-19,26.39,dining
43,2025-01-19,28.73,groceries
47,2025-01-19,12.11,retail
53,2025-01-19,28.0,retail
54,2025-01-19,5.97,retail
70,2025-01-19,5.44,dining
74,2025-01-19,48.18,travel
78,2025-01-19,32.38,dining
79,2025-01-19,31.77,retail
81,2025-01-19,226.9,fuel
87,2025-01-19,6.22,fuel
89,2025-01-19,7.57,retail
94,2025-01-19,79.7,travel
103,2025-01-19,105.36,groceries
106,2025-01-19,46.75,travel
110,2025-01-19,23.74,travel
115,2025-01-19,28.78,utilities
6,2025-01-20,45.76,dining
12,2025-01-20,15.58,retail
18,2025-01-20,65.12,retail
23,2025-01-20,76.81,fuel
25,2025-01-20,98.22,fuel
26,2025-01-20,30.78,fuel
30,2025-01-20,13.5,travel
33,2025-01-20,31.39,retail
35,2025-01-20,57.74,utilities
38,2025-01-20,33.57,utilities
49,2025-01-20,71.94,utilities
56,2025-01-20,6.68,dining
95,2025-01-20,17.27,utilities
96,2025-01-20,29.34,dining
102,2025-01-20,146.01,dining
1,2025-01-21,7.61,retail
10,2025-01-21,44.03,dining
11,2025-01-21,57.81,dining
19,2025-01-21,18.69,travel
22,2025-01-21,22.44,travel
26,2025-01-21,50.66,utilities
40,2025-01-21,42.07,groceries
43,2025-01-21,27.58,retail
56,2025-01-21,110.59,retail
66,2025-01-21,96.76,retail
88,2025-01-21,30.87,dining
104,2025-01-21,160.79,retail
113,2025-01-21,116.59,travel
3,2025-01-22,169.41,fuel
4,2025-01-22,122.94,dining
5,2025-01-22,36.35,retail
12,2025-01-22,37.48,retail
15,2025-01-22,26.58,fuel
17,2025-01-22,29.95,travel
21,2025-01-22,22.01,fuel
29,2025-01-22,14.63,groceries
36,2025-01-22,12.39,dining
57,2025-01-22,85.94,travel
59,2025-01-22,59.9,retail
64,2025-01-22,15.22,fuel
65,2025-01-22,197.23,dining
69,2025-01-22,58.36,dining
70,2025-01-22,60.17,travel
71,2025-01-22,27.57,groceries
72,2025-01-22,25.63,groceries
83,2025-01-22,4.23,utilities
91,2025-01-22,56.35,dining
94,2025-01-22,85.59,retail
104,2025-01-22,14.07,groceries
107,2025-01-22,15.49,fuel
109,2025-01-22,93.81,utilities
118,2025-01-22,105.3,utilities
3,2025-01-23,3.93,retail
9,2025-01-23,76.64,dining
21,2025-01-23,64.4,travel
22,2025-01-23,65.95,dining
29,2025-01-23,8.2,dining
31,2025-01-23,8.62,utilities
43,2025-01-23,19.67,dining
55,2025-01-23,75.37,dining
59,2025-01-23,134.1,travel
68,2025-01-23,28.4,utilities
79,2025-01-23,23.6,dining
82,2025-01-23,94.29,travel
83,2025-01-23,99.35,retail
94,2025-01-23,71.56,travel
101,2025-01-23,77.46,groceries
112,2025-01-23,510.03,groceries
5,2025-01-24,19.91,retail
8,2025-01-24,34.73,retail
20,2025-01-24,39.84,utilities
42,2025-01-24,82.11,fuel
44,2025-01-24,60.57,fuel
46,2025-01-24,6.33,travel
54,2025-01-24,26.35,fuel
58,2025-01-24,24.26,groceries
63,2025-01-24,16.34,groceries
64,2025-01-24,29.36,travel
73,2025-01-24,39.3,groceries
80,2025-01-24,32.39,groceries
100,2025-01-24,7.74,utilities
111,2025-01-24,186.72,utilities
116,2025-01-24,31.31,dining
117,2025-01-24,110.18,retail
4,2025-01-25,18.1,travel
24,2025-01-25,9.97,fuel
44,2025-01-25,48.5,fuel
60,2025-01-25,21.5,dining
66,2025-01-25,53.39,fuel
70,2025-01-25,75.22,retail
71,2025-01-25,40.77,groceries
86,2025-01-25,29.09,retail
93,2025-01-25,72.97,travel
100,2025-01-25,8.96,dining
119,2025-01-25,40.59,groceries
8,2025-01-26,57.95,travel
11,2025-01-26,40.14,dining
14,2025-01-26,65.23,utilities
27,2025-01-26,32.24,travel
41,2025-01-26,35.18,utilities
51,2025-01-26,42.19,fuel
56,2025-01-26,11.36,utilities
61,2025-01-26,13.73,dining
67,2025-01-26,51.76,fuel
70,2025-01-26,39.34,utilities
77,2025-01-26,92.64,travel
78,2025-01-26,70.36,dining
85,2025-01-26,15.88,fuel
88,2025-01-26,85.72,travel
97,2025-01-26,15.17,utilities
103,2025-01-26,11.03,retail
105,2025-01-26,135.54,travel
113,2025-01-26,5.92,groceries
1,2025-01-27,107.68,fuel
2,2025-01-27,45.62,retail
16,2025-01-27,24.65,groceries
23,2025-01-27,67.9,fuel
32,2025-01-27,19.62,groceries
34,2025-01-27,61.47,groceries
37,2025-01-27,101.46,travel
39,2025-01-27,16.14,utilities
40,2025-01-27,14.59,retail
52,2025-01-27,74.37,retail
57,2025-01-27,72.56,groceries
62,2025-01-27,9.88,fuel
75,2025-01-27,58.08,travel
84,2025-01-27,28.13,fuel
90,2025-01-27,130.51,utilities
95,2025-01-27,27.12,travel
99,2025-01-27,81.07,groceries
114,2025-01-27,48.75,groceries
30,2025-01-28,31.57,utilities
33,2025-01-28,10.98,groceries
46,2025-01-28,70.35,fuel
49,2025-01-28,7.38,travel
73,2025-01-28,167.6,travel
86,2025-01-28,76.41,groceries
101,2025-01-28,112.58,fuel
103,2025-01-28,35.0,dining
108,2025-01-28,70.39,travel
10,2025-01-29,154.49,travel
13,2025-01-29,70.6,groceries
18,2025-01-29,38.89,retail
19,2025-01-29,22.29,retail
31,2025-01-29,37.31,dining
44,2025-01-29,76.79,travel
45,2025-01-29,19.93,dining
48,2025-01-29,100.47,retail
50,2025-01-29,23.92,travel
76,2025-01-29,10.46,retail
81,2025-01-29,27.71,retail
89,2025-01-29,12.74,dining
97,2025-01-29,84.6,utilities
98,2025-01-29,22.51,utilities
104,2025-01-29,7.39,fuel
115,2025-01-29,25.68,fuel
118,2025-01-29,19.72,dining
119,2025-01-29,79.92,fuel
6,2025-01-30,31.84,travel
7,2025-01-30,26.92,dining
16,2025-01-30,348.0,utilities
17,2025-01-30,46.39,groceries
35,2025-01-30,43.01,utilities
43,2025-01-30,8.55,utilities
47,2025-01-30,188.55,retail
56,2025-01-30,55.57,retail
62,2025-01-30,20.78,retail
64,2025-01-30,40.39,dining
70,2025-01-30,47.37,dining
71,2025-01-30,37.39,groceries
87,2025-01-30,71.24,travel
96,2025-01-30,23.68,dining
102,2025-01-30,60.87,utilities
110,2025-01-30,225.08,dining
120,2025-01-30,13.96,utilities
5,2025-01-31,190.7,travel
11,2025-01-31,392.01,retail
12,2025-01-31,60.51,travel
16,2025-01-31,18.08,groceries
28,2025-01-31,15.09,groceries
29,2025-01-31,21.54,fuel
30,2025-01-31,14.52,retail
43,2025-01-31,28.84,dining
47,2025-01-31,154.89,retail
53,2025-01-31,16.65,groceries
57,2025-01-31,372.24,groceries
66,2025-01-31,101.72,retail
68,2025-01-31,172.84,groceries
69,2025-01-31,20.26,utilities
73,2025-01-31,25.01,dining
80,2025-01-31,35.92,utilities
82,2025-01-31,24.95,fuel
86,2025-01-31,360.91,retail
88,2025-01-31,9.57,retail
108,2025-01-31,71.79,groceries
111,2025-01-31,8.58,travel
115,2025-01-31,3.7,travel
8,2025-02-01,69.44,travel
9,2025-02-01,9.72,utilities
11,2025-02-01,11.54,utilities
20,2025-02-01,59.14,retail
25,2025-02-01,220.77,retail
35,2025-02-01,19.26,dining
38,2025-02-01,55.09,dining
65,2025-02-01,31.37,fuel
68,2025-02-01,90.15,groceries
75,2025-02-01,29.88,travel
92,2025-02-01,22.32,groceries
93,2025-02-01,65.1,fuel
100,2025-02-01,10.52,fuel
107,2025-02-01,12.78,utilities
109,2025-02-01,12.7,groceries
119,2025-02-01,53.51,fuel
120,2025-02-01,186.76,travel
12,2025-02-02,15.34,groceries
24,2025-02-02,89.52,utilities
26,2025-02-02,24.86,travel
27,2025-02-02,7.08,dining
32,2025-02-02,16.56,fuel
33,2025-02-02,45.55,fuel
36,2025-02-02,94.93,retail
43,2025-02-02,12.22,dining
44,2025-02-02,60.93,utilities
54,2025-02-02,18.53,dining
59,2025-02-02,72.55,dining
68,2025-02-02,55.32,dining
74,2025-02-02,17.63,travel
91,2025-02-02,23.53,utilities
97,2025-02-02,57.96,retail
99,2025-02-02,19.01,travel
106,2025-02-02,61.26,groceries
115,2025-02-02,36.6,retail
1,2025-02-03,25.07,dining
12,2025-02-03,122.83,fuel
53,2025-02-03,20.55,utilities
55,2025-02-03,21.76,utilities
61,2025-02-03,339.53,travel
72,2025-02-03,9.13,fuel
78,2025-02-03,19.99,utilities
79,2025-02-03,39.17,fuel
83,2025-02-03,59.78,fuel
94,2025-02-03,60.6,dining
97,2025-02-03,17.88,retail
116,2025-02-03,25.28,travel
118,2025-02-03,50.25,dining
3,2025-02-04,18.83,fuel
15,2025-02-04,59.51,dining
17,2025-02-04,3.73,fuel
20,2025-02-04,17.12,travel
21,2025-02-04,9.85,fuel
22,2025-02-04,731.02,retail
32,2025-02-04,42.15,fuel
33,2025-02-04,34.84,groceries
41,2025-02-04,15.75,utilities
60,2025-02-04,12.55,groceries
61,2025-02-04,60.01,dining
70,2025-02-04,28.08,retail
107,2025-02-04,124.82,utilities
110,2025-02-04,30.65,fuel
112,2025-02-04,13.28,groceries
114,2025-02-04,41.84,retail
116,2025-02-04,19.02,retail
4,2025-02-05,50.83,retail
13,2025-02-05,16.96,groceries
20,2025-02-05,60.94,travel
33,2025-02-05,87.35,groceries
34,2025-02-05,12.55,groceries
42,2025-02-05,41.8,retail
50,2025-02-05,50.73,utilities
58,2025-02-05,32.69,retail
59,2025-02-05,42.68,travel
65,2025-02-05,20.72,retail
67,2025-02-05,31.12,fuel
69,2025-02-05,6.4,retail
84,2025-02-05,45.0,fuel
85,2025-02-05,95.04,retail
97,2025-02-05,58.99,fuel
103,2025-02-05,44.18,retail
117,2025-02-05,27.98,travel
14,2025-02-06,28.68,utilities
18,2025-02-06,78.37,fuel
46,2025-02-06,46.3,groceries
48,2025-02-06,19.4,travel
59,2025-02-06,18.24,travel
81,2025-02-06,84.53,travel
82,2025-02-06,11.28,dining
88,2025-02-06,32.09,dining
94,2025-02-06,70.25,retail
107,2025-02-06,263.13,fuel
113,2025-02-06,38.2,dining
120,2025-02-06,21.33,fuel
6,2025-02-07,42.84,utilities
12,2025-02-07,54.33,retail
22,2025-02-07,21.3,retail
28,2025-02-07,50.93,utilities
41,2025-02-07,5.13,groceries
51,2025-02-07,30.98,fuel
63,2025-02-07,16.67,utilities
67,2025-02-07,57.02,travel
73,2025-02-07,8.21,fuel
75,2025-02-07,25.67,travel
92,2025-02-07,10.86,dining
93,2025-02-07,28.06,utilities
95,2025-02-07,8.3,dining
102,2025-02-07,23.63,fuel
103,2025-02-07,28.21,travel
104,2025-02-07,22.2,retail
105,2025-02-07,71.32,groceries
109,2025-02-07,4.05,fuel
112,2025-02-07,75.18,utilities
114,2025-02-07,26.31,travel
3,2025-02-08,32.14,dining
20,2025-02-08,137.82,fuel
29,2025-02-08,38.28,travel
39,2025-02-08,132.77,groceries
40,2025-02-08,73.68,travel
45,2025-02-08,34.7,groceries
52,2025-02-08,66.48,dining
64,2025-02-08,29.47,fuel
75,2025-02-08,13.8,fuel
79,2025-02-08,17.9,retail
84,2025-02-08,55.6,dining
87,2025-02-08,33.48,dining
101,2025-02-08,41.04,groceries
107,2025-02-08,11.0,travel
112,2025-02-08,31.02,fuel
117,2025-02-08,9.43,travel
3,2025-02-09,34.75,groceries
5,2025-02-09,44.17,groceries
26,2025-02-09,60.37,retail
30,2025-02-09,137.13,travel
35,2025-02-09,158.51,retail
64,2025-02-09,321.6,groceries
65,2025-02-09,4.6,utilities
75,2025-02-09,7.48,travel
77,2025-02-09,31.54,groceries
88,2025-02-09,22.8,dining
89,2025-02-09,12.21,fuel
91,2025-02-09,34.58,utilities
95,2025-02-09,41.09,utilities
101,2025-02-09,55.14,groceries
111,2025-02-09,36.3,utilities
116,2025-02-09,92.91,travel
1,2025-02-10,19.23,utilities
2,2025-02-10,34.25,travel
11,2025-02-10,131.33,retail
13,2025-02-10,59.18,utilities
23,2025-02-10,18.3,fuel
37,2025-02-10,30.97,utilities
43,2025-02-10,40.85,travel
50,2025-02-10,67.69,travel
53,2025-02-10,57.08,retail
56,2025-02-10,174.96,fuel
62,2025-02-10,36.8,utilities
71,2025-02-10,25.05,fuel
73,2025-02-10,49.04,fuel
74,2025-02-10,11.46,retail
82,2025-02-10,30.42,groceries
90,2025-02-10,83.21,dining
92,2025-02-10,34.94,utilities
96,2025-02-10,85.59,travel
98,2025-02-10,16.63,fuel
105,2025-02-10,171.03,retail
112,2025-02-10,18.77,utilities
114,2025-02-10,9.82,fuel
115,2025-02-10,56.26,dining
7,2025-02-11,23.67,groceries
8,2025-02-11,72.35,dining
10,2025-02-11,37.25,utilities
20,2025-02-11,36.28,fuel
21,2025-02-11,8.9,utilities
34,2025-02-11,28.29,retail
35,2025-02-11,20.38,utilities
37,2025-02-11,49.13,fuel
49,2025-02-11,154.27,groceries
53,2025-02-11,16.69,groceries
56,2025-02-11,10.68,travel
57,2025-02-11,36.5,groceries
91,2025-02-11,29.22,retail
99,2025-02-11,153.54,travel
111,2025-02-11,24.62,fuel
114,2025-02-11,22.78,utilities
116,2025-02-11,42.79,fuel
120,2025-02-11,94.54,dining
19,2025-02-12,165.08,fuel
31,2025-02-12,52.98,fuel
54,2025-02-12,23.87,fuel
59,2025-02-12,31.13,travel
63,2025-02-12,42.83,dining
64,2025-02-12,71.98,fuel
65,2025-02-12,8.94,travel
68,2025-02-12,53.76,travel
69,2025-02-12,107.22,fuel
76,2025-02-12,56.61,utilities
80,2025-02-12,52.21,retail
83,2025-02-12,110.47,utilities
95,2025-02-12,48.18,fuel
97,2025-02-12,26.77,travel
106,2025-02-12,18.36,retail
4,2025-02-13,54.3,dining
7,2025-02-13,14.38,dining
22,2025-02-13,44.73,travel
38,2025-02-13,49.58,groceries
40,2025-02-13,6.22,travel
47,2025-02-13,39.93,travel
53,2025-02-13,24.92,travel
66,2025-02-13,69.58,groceries
73,2025-02-13,7.33,fuel
81,2025-02-13,41.42,dining
90,2025-02-13,8.17,utilities
94,2025-02-13,8.37,dining
105,2025-02-13,34.61,fuel
108,2025-02-13,26.77,dining
113,2025-02-13,65.77,utilities
119,2025-02-13,10.41,fuel
7,2025-02-14,85.21,fuel
9,2025-02-14,58.7,utilities
15,2025-02-14,118.7,fuel
16,2025-02-14,20.98,retail
17,2025-02-14,45.48,travel
20,2025-02-14,23.52,retail
22,2025-02-14,53.51,utilities
25,2025-02-14,39.11,utilities
47,2025-02-14,9.62,dining
51,2025-02-14,34.9,groceries
60,2025-02-14,54.66,travel
62,2025-02-14,12.12,utilities
86,2025-02-14,63.12,groceries
96,2025-02-14,113.53,retail
100,2025-02-14,33.47,fuel
102,2025-02-14,24.53,retail
106,2025-02-14,10.33,fuel
109,2025-02-14,81.31,travel
113,2025-02-14,59.85,retail
8,2025-02-15,21.24,groceries
23,2025-02-15,41.56,dining
24,2025-02-15,45.63,retail
28,2025-02-15,240.16,utilities
32,2025-02-15,109.07,travel
36,2025-02-15,60.73,travel
43,2025-02-15,64.34,groceries
55,2025-02-15,7.6,utilities
58,2025-02-15,17.65,dining
66,2025-02-15,121.99,groceries
78,2025-02-15,15.93,groceries
88,2025-02-15,28.89,retail
100,2025-02-15,49.57,travel
109,2025-02-15,19.69,retail
118,2025-02-15,62.05,fuel
12,2025-02-16,271.69,fuel
27,2025-02-16,79.34,fuel
35,2025-02-16,19.35,travel
41,2025-02-16,14.92,groceries
42,2025-02-16,18.64,utilities
44,2025-02-16,30.02,fuel
48,2025-02-16,25.3,retail
51,2025-02-16,34.05,groceries
71,2025-02-16,45.59,dining
80,2025-02-16,115.27,retail
82,2025-02-16,11.2,utilities
85,2025-02-16,39.09,fuel
92,2025-02-16,208.47,dining
95,2025-02-16,22.29,utilities
110,2025-02-16,30.39,dining
111,2025-02-16,62.5,retail
116,2025-02-16,3.2,dining
117,2025-02-16,95.27,groceries
1,2025-02-17,19.59,groceries
2,2025-02-17,58.77,fuel
8,2025-02-17,13.55,dining
16,2025-02-17,53.71,fuel
18,2025-02-17,19.27,groceries
21,2025-02-17,20.2,utilities
25,2025-02-17,38.51,dining
33,2025-02-17,94.19,fuel
45,2025-02-17,74.87,travel
47,2025-02-17,123.51,groceries
54,2025-02-17,45.91,fuel
60,2025-02-17,17.47,retail
61,2025-02-17,18.08,retail
67,2025-02-17,64.05,groceries
70,2025-02-17,32.77,utilities
72,2025-02-17,45.47,utilities
76,2025-02-17,45.37,utilities
79,2025-02-17,5.58,dining
84,2025-02-17,22.45,fuel
104,2025-02-17,45.3,groceries
109,2025-02-17,11.47,utilities
3,2025-02-18,10.71,groceries
7,2025-02-18,66.86,retail
21,2025-02-18,9.4,utilities
25,2025-02-18,11.22,utilities
39,2025-02-18,14.83,fuel
41,2025-02-18,25.76,dining
90,2025-02-18,181.55,fuel
94,2025-02-18,66.02,utilities
107,2025-02-18,24.53,retail
120,2025-02-18,8.69,dining
5,2025-02-19,139.31,groceries
6,2025-02-19,27.87,groceries
9,2025-02-19,54.98,fuel
11,2025-02-19,30.58,utilities
14,2025-02-19,32.74,groceries
18,2025-02-19,63.38,groceries
46,2025-02-19,111.39,utilities
52,2025-02-19,15.85,travel
61,2025-02-19,131.54,travel
63,2025-02-19,11.1,groceries
103,2025-02-19,108.45,fuel
108,2025-02-19,37.26,fuel
114,2025-02-19,18.89,retail
118,2025-02-19,20.34,groceries
1,2025-02-20,24.93,utilities
15,2025-02-20,50.55,groceries
18,2025-02-20,9.44,travel
25,2025-02-20,36.04,fuel
30,2025-02-20,160.54,utilities
53,2025-02-20,35.38,groceries
75,2025-02-20,57.06,travel
89,2025-02-20,52.87,utilities
111,2025-02-20,10.72,retail
19,2025-02-21,54.51,utilities
37,2025-02-21,59.26,travel
63,2025-02-21,71.05,utilities
68,2025-02-21,101.25,retail
74,2025-02-21,170.53,retail
78,2025-02-21,16.41,dining
93,2025-02-21,129.4,utilities
99,2025-02-21,18.41,dining
102,2025-02-21,4.35,travel
106,2025-02-21,136.28,fuel
110,2025-02-21,51.37,travel
112,2025-02-21,19.68,retail
113,2025-02-21,29.42,travel
117,2025-02-21,24.63,dining
5,2025-02-22,12.62,fuel
12,2025-02-22,114.37,utilities
26,2025-02-22,20.02,groceries
29,2025-02-22,103.82,fuel
31,2025-02-22,12.97,dining
36,2025-02-22,72.1,fuel
51,2025-02-22,16.82,travel
52,2025-02-22,34.35,fuel
54,2025-02-22,7.68,retail
57,2025-02-22,43.29,fuel
58,2025-02-22,28.91,utilities
65,2025-02-22,15.74,fuel
71,2025-02-22,53.58,fuel
84,2025-02-22,105.85,groceries
87,2025-02-22,26.67,fuel
111,2025-02-22,33.56,retail
115,2025-02-22,154.67,groceries
13,2025-02-23,31.05,fuel
23,2025-02-23,18.52,utilities
32,2025-02-23,120.96,fuel
34,2025-02-23,16.54,travel
49,2025-02-23,105.93,travel
50,2025-02-23,33.8,fuel
69,2025-02-23,72.18,fuel
77,2025-02-23,53.71,fuel
80,2025-02-23,43.53,dining
101,2025-02-23,67.87,fuel
116,2025-02-23,63.05,groceries
119,2025-02-23,4.77,fuel
5,2025-02-24,15.42,travel
10,2025-02-24,74.76,retail
16,2025-02-24,90.61,utilities
22,2025-02-24,102.13,travel
40,2025-02-24,21.73,groceries
51,2025-02-24,18.41,dining
52,2025-02-24,20.13,travel
55,2025-02-24,18.73,retail
66,2025-02-24,33.16,groceries
71,2025-02-24,23.3,dining
73,2025-02-24,63.89,retail
91,2025-02-24,9.91,travel
94,2025-02-24,37.47,fuel
95,2025-02-24,79.9,travel
98,2025-02-24,93.81,fuel
2,2025-02-25,214.89,dining
4,2025-02-25,18.96,dining
11,2025-02-25,49.22,travel
13,2025-02-25,20.03,travel
15,2025-02-25,36.48,travel
17,2025-02-25,67.68,dining
18,2025-02-25,26.92,travel
20,2025-02-25,50.58,groceries
24,2025-02-25,72.76,utilities
37,2025-02-25,352.23,dining
42,2025-02-25,41.97,fuel
53,2025-02-25,18.6,fuel
56,2025-02-25,31.64,utilities
59,2025-02-25,19.5,groceries
84,2025-02-25,44.1,dining
85,2025-02-25,16.97,fuel
86,2025-02-25,36.35,dining
99,2025-02-25,93.11,travel
103,2025-02-25,69.15,travel
105,2025-02-25,120.47,groceries
115,2025-02-25,21.0,travel
13,2025-02-26,29.24,utilities
17,2025-02-26,54.5,groceries
18,2025-02-26,52.91,dining
21,2025-02-26,9.88,fuel
28,2025-02-26,35.99,fuel
39,2025-02-26,13.31,fuel
43,2025-02-26,176.71,travel
51,2025-02-26,23.63,dining
53,2025-02-26,31.33,retail
56,2025-02-26,55.3,utilities
62,2025-02-26,17.56,utilities
64,2025-02-26,32.7,travel
72,2025-02-26,14.8,groceries
76,2025-02-26,7.73,fuel
83,2025-02-26,27.37,utilities
97,2025-02-26,19.71,groceries
99,2025-02-26,132.74,retail
109,2025-02-26,59.19,groceries
9,2025-02-27,22.72,utilities
13,2025-02-27,4.36,dining
20,2025-02-27,41.97,groceries
26,2025-02-27,349.15,travel
27,2025-02-27,55.71,retail
38,2025-02-27,14.19,groceries
41,2025-02-27,30.23,groceries
59,2025-02-27,30.51,travel
63,2025-02-27,57.34,utilities
81,2025-02-27,34.54,groceries
88,2025-02-27,14.14,dining
89,2025-02-27,28.16,dining
90,2025-02-27,118.91,travel
96,2025-02-27,34.04,dining
97,2025-02-27,56.43,fuel
100,2025-02-27,40.41,fuel
102,2025-02-27,23.57,retail
108,2025-02-27,30.42,utilities
116,2025-02-27,39.19,utilities
120,2025-02-27,34.33,groceries
21,2025-02-28,9.84,travel
25,2025-02-28,47.58,dining
32,2025-02-28,4.97,dining
35,2025-02-28,24.02,travel
84,2025-02-28,16.44,groceries
98,2025-02-28,8.76,dining
119,2025-02-28,107.85,groceries
30,2025-03-01,23.66,dining
41,2025-03-01,46.68,dining
45,2025-03-01,47.01,dining
46,2025-03-01,58.49,utilities
48,2025-03-01,30.94,dining
59,2025-03-01,113.5,utilities
60,2025-03-01,91.02,groceries
68,2025-03-01,96.9,utilities
79,2025-03-01,10.34,dining
80,2025-03-01,23.79,retail
83,2025-03-01,21.04,groceries
92,2025-03-01,29.71,groceries
103,2025-03-01,105.79,utilities
105,2025-03-01,16.3,dining
107,2025-03-01,24.54,groceries
7,2025-03-02,15.36,fuel
14,2025-03-02,11.99,travel
15,2025-03-02,44.78,dining
19,2025-03-02,33.23,dining
23,2025-03-02,22.36,fuel
27,2025-03-02,51.36,utilities
34,2025-03-02,93.57,fuel
37,2025-03-02,4.02,travel
44,2025-03-02,40.78,fuel
47,2025-03-02,23.28,utilities
62,2025-03-02,92.31,dining
67,2025-03-02,66.25,travel
74,2025-03-02,36.71,travel
77,2025-03-02,63.23,utilities
108,2025-03-02,30.13,travel
114,2025-03-02,188.58,travel
3,2025-03-03,36.98,fuel
4,2025-03-03,24.19,fuel
6,2025-03-03,25.2,groceries
8,2025-03-03,35.7,fuel
25,2025-03-03,89.6,travel
29,2025-03-03,13.67,groceries
38,2025-03-03,38.87,dining
40,2025-03-03,9.24,travel
59,2025-03-03,12.67,retail
61,2025-03-03,32.52,fuel
63,2025-03-03,12.07,groceries
70,2025-03-03,23.19,travel
85,2025-03-03,16.51,utilities
89,2025-03-03,87.73,fuel
92,2025-03-03,44.41,travel
104,2025-03-03,78.17,retail
105,2025-03-03,38.66,utilities
113,2025-03-03,52.31,fuel
118,2025-03-03,11.68,dining
1,2025-03-04,159.99,utilities
10,2025-03-04,36.13,fuel
25,2025-03-04,40.76,retail
36,2025-03-04,111.68,utilities
40,2025-03-04,3.69,groceries
49,2025-03-04,129.22,dining
58,2025-03-04,22.34,retail
59,2025-03-04,37.45,retail
75,2025-03-04,96.38,fuel
81,2025-03-04,46.07,dining
93,2025-03-04,174.29,groceries
96,2025-03-04,18.42,retail
48,2025-03-05,42.79,utilities
50,2025-03-05,39.57,retail
51,2025-03-05,72.63,travel
54,2025-03-05,23.82,fuel
57,2025-03-05,16.04,groceries
63,2025-03-05,14.8,travel
64,2025-03-05,77.97,fuel
68,2025-03-05,88.43,groceries
84,2025-03-05,40.36,fuel
106,2025-03-05,38.48,dining
111,2025-03-05,82.49,groceries
117,2025-03-05,43.2,fuel
6,2025-03-06,29.11,utilities
12,2025-03-06,117.43,dining
26,2025-03-06,6.25,groceries
28,2025-03-06,26.53,travel
29,2025-03-06,39.52,travel
38,2025-03-06,34.89,utilities
65,2025-03-06,37.12,retail
74,2025-03-06,45.52,fuel
81,2025-03-06,119.3,fuel
86,2025-03-06,27.08,fuel
87,2025-03-06,11.5,retail
95,2025-03-06,27.28,groceries
98,2025-03-06,48.98,fuel
107,2025-03-06,4.21,groceries
5,2025-03-07,78.04,dining
7,2025-03-07,24.06,groceries
42,2025-03-07,29.56,dining
53,2025-03-07,19.26,fuel
57,2025-03-07,52.11,dining
63,2025-03-07,30.57,utilities
68,2025-03-07,52.7,retail
76,2025-03-07,240.45,retail
78,2025-03-07,27.16,retail
81,2025-03-07,44.7,groceries
101,2025-03-07,16.58,travel
107,2025-03-07,27.05,dining
108,2025-03-07,38.46,fuel
110,2025-03-07,21.77,retail
112,2025-03-07,7.66,groceries
8,2025-03-08,19.08,dining
13,2025-03-08,16.7,utilities
16,2025-03-08,20.1,dining
26,2025-03-08,48.54,groceries
31,2025-03-08,15.33,groceries
43,2025-03-08,5.95,utilities
52,2025-03-08,54.74,retail
56,2025-03-08,13.41,groceries
68,2025-03-08,36.15,groceries
94,2025-03-08,42.18,retail
102,2025-03-08,9.27,travel
108,2025-03-08,99.58,utilities
114,2025-03-08,65.57,travel
115,2025-03-08,79.17,fuel
1,2025-03-09,39.14,fuel
6,2025-03-09,30.66,travel
11,2025-03-09,11.62,utilities
22,2025-03-09,118.2,utilities
41,2025-03-09,149.48,fuel
50,2025-03-09,50.78,travel
55,2025-03-09,44.84,dining
66,2025-03-09,38.52,utilities
67,2025-03-09,28.67,utilities
69,2025-03-09,132.84,utilities
71,2025-03-09,26.57,fuel
73,2025-03-09,48.05,groceries
77,2025-03-09,13.13,dining
89,2025-03-09,79.32,groceries
90,2025-03-09,63.41,dining
91,2025-03-09,789.94,retail
92,2025-03-09,10.35,travel
97,2025-03-09,65.78,dining
103,2025-03-09,71.93,dining
108,2025-03-09,80.17,groceries
109,2025-03-09,30.29,groceries
118,2025-03-09,70.3,travel
3,2025-03-10,14.01,dining
17,2025-03-10,45.77,fuel
21,2025-03-10,8.64,groceries
25,2025-03-10,31.98,fuel
54,2025-03-10,63.79,retail
60,2025-03-10,64.94,utilities
64,2025-03-10,16.74,retail
84,2025-03-10,43.18,groceries
87,2025-03-10,25.77,fuel
96,2025-03-10,159.59,travel
118,2025-03-10,80.95,utilities
119,2025-03-10,22.93,retail
2,2025-03-11,14.06,utilities
10,2025-03-11,26.34,fuel
24,2025-03-11,127.89,travel
39,2025-03-11,19.5,utilities
49,2025-03-11,37.56,travel
57,2025-03-11,23.53,retail
59,2025-03-11,45.3,utilities
72,2025-03-11,25.77,travel
80,2025-03-11,65.56,dining
83,2025-03-11,14.53,utilities
99,2025-03-11,42.99,groceries
7,2025-03-12,17.23,utilities
9,2025-03-12,32.02,fuel
18,2025-03-12,38.87,utilities
32,2025-03-12,46.5,dining
41,2025-03-12,16.95,dining
47,2025-03-12,39.71,groceries
53,2025-03-12,6.67,groceries
62,2025-03-12,133.55,groceries
85,2025-03-12,21.71,dining
95,2025-03-12,88.54,dining
102,2025-03-12,57.1,dining
106,2025-03-12,136.51,travel
119,2025-03-12,10.39,fuel
2,2025-03-13,20.9,groceries
28,2025-03-13,40.57,groceries
37,2025-03-13,70.17,dining
42,2025-03-13,18.92,travel
65,2025-03-13,199.74,fuel
73,2025-03-13,43.77,retail
83,2025-03-13,47.46,groceries
88,2025-03-13,28.18,groceries
98,2025-03-13,5.52,fuel
100,2025-03-13,29.75,utilities
116,2025-03-13,49.53,travel
120,2025-03-13,67.31,retail
2,2025-03-14,71.48,fuel
4,2025-03-14,54.07,travel
6,2025-03-14,23.47,dining
23,2025-03-14,70.82,fuel
26,2025-03-14,36.43,retail
27,2025-03-14,122.59,fuel
29,2025-03-14,27.33,fuel
30,2025-03-14,28.18,groceries
34,2025-03-14,70.48,groceries
35,2025-03-14,186.69,travel
36,2025-03-14,134.91,utilities
46,2025-03-14,9.62,groceries
48,2025-03-14,44.7,travel
61,2025-03-14,23.74,travel
70,2025-03-14,89.31,dining
77,2025-03-14,16.71,utilities
79,2025-03-14,23.16,retail
101,2025-03-14,48.47,fuel
106,2025-03-14,13.96,utilities
110,2025-03-14,20.82,retail
19,2025-03-15,242.77,dining
34,2025-03-15,42.31,fuel
38,2025-03-15,31.51,retail
44,2025-03-15,15.53,travel
45,2025-03-15,36.96,retail
60,2025-03-15,73.11,fuel
68,2025-03-15,68.36,fuel
73,2025-03-15,78.88,fuel
92,2025-03-15,32.39,travel
93,2025-03-15,19.3,utilities
103,2025-03-15,31.78,fuel
118,2025-03-15,186.41,utilities
2,2025-03-16,23.73,retail
8,2025-03-16,59.55,groceries
11,2025-03-16,56.97,retail
22,2025-03-16,15.63,utilities
24,2025-03-16,30.59,groceries
28,2025-03-16,101.16,retail
40,2025-03-16,16.17,groceries
52,2025-03-16,5.59,fuel
54,2025-03-16,14.25,fuel
58,2025-03-16,68.53,dining
61,2025-03-16,57.72,utilities
75,2025-03-16,6.85,travel
80,2025-03-16,61.77,fuel
86,2025-03-16,24.98,utilities
87,2025-03-16,48.01,groceries
99,2025-03-16,73.94,groceries
104,2025-03-16,55.17,utilities
111,2025-03-16,53.74,utilities
113,2025-03-16,63.31,utilities
120,2025-03-16,7.68,travel
13,2025-03-17,42.07,retail
36,2025-03-17,30.4,fuel
55,2025-03-17,6.06,retail
61,2025-03-17,31.33,retail
67,2025-03-17,28.44,fuel
75,2025-03-17,23.37,dining
76,2025-03-17,89.88,retail
78,2025-03-17,156.09,groceries
89,2025-03-17,39.13,groceries
107,2025-03-17,34.58,utilities
8,2025-03-18,33.63,fuel
12,2025-03-18,61.6,travel
23,2025-03-18,76.67,retail
26,2025-03-18,103.24,fuel
31,2025-03-18,27.39,fuel
53,2025-03-18,21.18,groceries
57,2025-03-18,8.33,dining
68,2025-03-18,30.57,groceries
72,2025-03-18,59.41,groceries
74,2025-03-18,15.06,travel
76,2025-03-18,17.25,groceries
78,2025-03-18,50.6,dining
81,2025-03-18,80.09,dining
92,2025-03-18,7.2,fuel
93,2025-03-18,18.52,groceries
95,2025-03-18,46.79,utilities
98,2025-03-18,18.54,travel
117,2025-03-18,29.11,retail
119,2025-03-18,34.84,utilities
5,2025-03-19,47.11,utilities
7,2025-03-19,37.42,retail
11,2025-03-19,18.22,travel
34,2025-03-19,24.83,travel
35,2025-03-19,70.87,groceries
43,2025-03-19,44.42,retail
51,2025-03-19,7.89,fuel
63,2025-03-19,100.6,groceries
71,2025-03-19,44.27,dining
75,2025-03-19,14.05,travel
77,2025-03-19,26.86,travel
94,2025-03-19,15.5,travel
96,2025-03-19,35.95,travel
97,2025-03-19,43.01,travel
101,2025-03-19,21.95,fuel
102,2025-03-19,62.23,fuel
106,2025-03-19,55.89,fuel
112,2025-03-19,52.05,travel
119,2025-03-19,57.18,travel
120,2025-03-19,60.31,travel
16,2025-03-20,67.11,fuel
17,2025-03-20,185.7,dining
30,2025-03-20,151.87,utilities
47,2025-03-20,18.3,groceries
66,2025-03-20,56.04,dining
70,2025-03-20,60.72,travel
90,2025-03-20,52.42,fuel
106,2025-03-20,99.66,dining
111,2025-03-20,29.81,fuel
114,2025-03-20,6.38,fuel
116,2025-03-20,16.07,utilities
120,2025-03-20,169.36,retail
3,2025-03-21,79.31,utilities
10,2025-03-21,69.08,dining
21,2025-03-21,30.01,groceries
23,2025-03-21,88.46,dining
31,2025-03-21,29.1,dining
39,2025-03-21,30.24,utilities
49,2025-03-21,61.88,travel
50,2025-03-21,63.93,fuel
69,2025-03-21,21.3,dining
84,2025-03-21,37.16,utilities
86,2025-03-21,21.33,travel
89,2025-03-21,19.38,groceries
91,2025-03-21,108.94,fuel
98,2025-03-21,14.99,groceries
100,2025-03-21,15.96,groceries
109,2025-03-21,3.31,utilities
1,2025-03-22,30.52,dining
21,2025-03-22,68.69,retail
23,2025-03-22,41.28,dining
27,2025-03-22,5.32,retail
37,2025-03-22,340.32,groceries
38,2025-03-22,10.85,retail
44,2025-03-22,57.16,fuel
52,2025-03-22,15.64,utilities
54,2025-03-22,19.07,dining
56,2025-03-22,64.14,retail
64,2025-03-22,13.52,utilities
69,2025-03-22,254.41,dining
107,2025-03-22,10.81,utilities
115,2025-03-22,88.45,travel
16,2025-03-23,44.15,retail
17,2025-03-23,56.46,dining
25,2025-03-23,49.5,utilities
26,2025-03-23,14.49,travel
32,2025-03-23,72.08,utilities
77,2025-03-23,107.08,groceries
79,2025-03-23,170.92,dining
85,2025-03-23,119.32,travel
92,2025-03-23,37.14,retail
107,2025-03-23,12.74,fuel
108,2025-03-23,39.34,dining
6,2025-03-24,18.5,utilities
9,2025-03-24,17.12,travel
10,2025-03-24,31.61,dining
18,2025-03-24,16.24,groceries
19,2025-03-24,73.89,travel
25,2025-03-24,3.12,travel
29,2025-03-24,23.3,utilities
37,2025-03-24,5.6,dining
41,2025-03-24,18.95,retail
43,2025-03-24,90.15,fuel
46,2025-03-24,115.83,utilities
47,2025-03-24,59.25,utilities
57,2025-03-24,17.13,retail
71,2025-03-24,63.78,retail
72,2025-03-24,11.55,travel
79,2025-03-24,33.2,groceries
88,2025-03-24,31.58,utilities
92,2025-03-24,94.55,utilities
100,2025-03-24,22.7,retail
111,2025-03-24,71.3,dining
26,2025-03-25,35.76,fuel
35,2025-03-25,294.94,groceries
45,2025-03-25,92.13,fuel
59,2025-03-25,29.49,travel
83,2025-03-25,48.45,travel
96,2025-03-25,34.65,travel
100,2025-03-25,121.89,fuel
103,2025-03-25,57.27,fuel
111,2025-03-25,22.15,utilities
7,2025-03-26,94.18,groceries
12,2025-03-26,22.08,travel
19,2025-03-26,19.25,groceries
24,2025-03-26,39.39,fuel
25,2025-03-26,44.74,dining
29,2025-03-26,26.29,travel
42,2025-03-26,25.18,utilities
48,2025-03-26,14.57,dining
62,2025-03-26,28.0,retail
65,2025-03-26,36.26,retail
76,2025-03-26,11.63,retail
91,2025-03-26,58.44,groceries
93,2025-03-26,71.0,dining
102,2025-03-26,13.09,dining
104,2025-03-26,35.09,fuel
114,2025-03-26,7.4,retail
116,2025-03-26,37.85,dining
118,2025-03-26,32.3,travel
5,2025-03-27,54.39,fuel
7,2025-03-27,82.98,retail
18,2025-03-27,12.36,fuel
22,2025-03-27,31.36,travel
44,2025-03-27,13.72,fuel
51,2025-03-27,68.46,groceries
58,2025-03-27,82.53,dining
61,2025-03-27,34.01,travel
73,2025-03-27,30.35,retail
74,2025-03-27,28.05,groceries
84,2025-03-27,2.51,dining
87,2025-03-27,25.93,travel
98,2025-03-27,106.66,fuel
106,2025-03-27,42.29,dining
113,2025-03-27,52.69,travel
118,2025-03-27,61.48,fuel
17,2025-03-28,17.78,dining
22,2025-03-28,129.02,dining
26,2025-03-28,56.87,travel
28,2025-03-28,62.0,dining
39,2025-03-28,26.97,groceries
50,2025-03-28,25.76,utilities
56,2025-03-28,24.22,fuel
61,2025-03-28,13.36,retail
63,2025-03-28,77.07,utilities
64,2025-03-28,120.74,fuel
67,2025-03-28,47.03,fuel
78,2025-03-28,8.72,utilities
104,2025-03-28,40.01,travel
118,2025-03-28,16.34,retail
8,2025-03-29,70.0,dining
40,2025-03-29,53.77,groceries
53,2025-03-29,167.8,groceries
55,2025-03-29,84.35,fuel
56,2025-03-29,20.93,travel
64,2025-03-29,88.25,fuel
66,2025-03-29,159.22,fuel
68,2025-03-29,42.63,groceries
71,2025-03-29,21.84,retail
76,2025-03-29,17.05,retail
80,2025-03-29,40.51,retail
83,2025-03-29,10.44,fuel
94,2025-03-29,19.72,travel
119,2025-03-29,140.66,fuel
120,2025-03-29,53.96,retail
2,2025-03-30,12.86,utilities
8,2025-03-30,16.91,travel
13,2025-03-30,9.31,retail
34,2025-03-30,18.14,groceries
36,2025-03-30,87.88,travel
52,2025-03-30,39.46,dining
56,2025-03-30,73.27,retail
64,2025-03-30,41.46,travel
68,2025-03-30,87.32,fuel
81,2025-03-30,10.82,travel
86,2025-03-30,100.24,travel
99,2025-03-30,15.08,fuel
118,2025-03-30,36.09,travel
43,2025-03-31,3.73,utilities
47,2025-03-31,31.28,groceries
53,2025-03-31,62.54,dining
68,2025-03-31,54.87,dining
74,2025-03-31,58.22,travel
75,2025-03-31,9.28,fuel
78,2025-03-31,19.2,travel
84,2025-03-31,6.97,travel
98,2025-03-31,76.49,groceries
1,2025-04-01,28.15,travel
3,2025-04-01,420.29,retail
11,2025-04-01,18.09,groceries
31,2025-04-01,75.1,groceries
42,2025-04-01,22.94,retail
46,2025-04-01,113.0,utilities
56,2025-04-01,25.43,utilities
70,2025-04-01,18.33,groceries
72,2025-04-01,20.37,utilities
97,2025-04-01,25.65,utilities
101,2025-04-01,40.75,groceries
112,2025-04-01,47.91,groceries
117,2025-04-01,10.14,travel
7,2025-04-02,42.45,utilities
11,2025-04-02,15.52,utilities
22,2025-04-02,34.15,retail
24,2025-04-02,87.02,retail
30,2025-04-02,18.44,travel
49,2025-04-02,22.12,dining
62,2025-04-02,29.89,travel
64,2025-04-02,91.35,fuel
65,2025-04-02,31.86,utilities
71,2025-04-02,49.5,utilities
76,2025-04-02,31.89,fuel
90,2025-04-02,3.12,utilities
92,2025-04-02,11.16,utilities
103,2025-04-02,19.57,fuel
107,2025-04-02,26.58,groceries
116,2025-04-02,7.31,groceries
117,2025-04-02,25.88,dining
118,2025-04-02,40.08,travel
3,2025-04-03,150.2,retail
7,2025-04-03,30.66,groceries
18,2025-04-03,13.31,retail
23,2025-04-03,63.72,fuel
31,2025-04-03,71.83,dining
34,2025-04-03,60.32,retail
35,2025-04-03,24.36,utilities
38,2025-04-03,46.69,fuel
52,2025-04-03,25.46,travel
54,2025-04-03,16.32,travel
56,2025-04-03,13.51,groceries
75,2025-04-03,37.68,groceries
79,2025-04-03,71.36,utilities
83,2025-04-03,47.72,travel
85,2025-04-03,36.32,travel
89,2025-04-03,25.3,travel
109,2025-04-03,60.82,utilities
117,2025-04-03,24.68,travel
1,2025-04-04,23.23,retail
21,2025-04-04,20.59,groceries
43,2025-04-04,18.26,utilities
53,2025-04-04,22.77,fuel
55,2025-04-04,17.64,utilities
61,2025-04-04,19.98,fuel
67,2025-04-04,116.88,utilities
69,2025-04-04,18.83,retail
76,2025-04-04,26.29,dining
91,2025-04-04,40.47,travel
93,2025-04-04,28.21,fuel
100,2025-04-04,89.49,travel
102,2025-04-04,24.89,utilities
111,2025-04-04,44.02,utilities
115,2025-04-04,39.75,utilities
119,2025-04-04,44.9,groceries
27,2025-04-05,36.91,groceries
28,2025-04-05,113.84,groceries
32,2025-04-05,17.54,groceries
48,2025-04-05,9.7,groceries
56,2025-04-05,21.69,retail
65,2025-04-05,19.4,dining
73,2025-04-05,44.97,travel
77,2025-04-05,116.22,utilities
81,2025-04-05,55.17,retail
114,2025-04-05,63.33,retail
9,2025-04-06,195.13,retail
10,2025-04-06,40.68,groceries
11,2025-04-06,61.24,retail
16,2025-04-06,16.02,dining
19,2025-04-06,230.31,dining
22,2025-04-06,27.72,groceries
37,2025-04-06,75.98,dining
41,2025-04-06,8.48,retail
44,2025-04-06,46.79,fuel
51,2025-04-06,61.75,retail
88,2025-04-06,199.98,groceries
108,2025-04-06,77.75,fuel
109,2025-04-06,31.79,dining
6,2025-04-07,43.05,travel
38,2025-04-07,26.36,utilities
56,2025-04-07,60.81,fuel
59,2025-04-07,102.19,retail
78,2025-04-07,276.31,travel
80,2025-04-07,141.09,travel
96,2025-04-07,58.58,utilities
99,2025-04-07,107.22,utilities
101,2025-04-07,19.98,groceries
106,2025-04-07,44.04,fuel
115,2025-04-07,88.9,retail
9,2025-04-08,33.99,travel
12,2025-04-08,50.23,utilities
16,2025-04-08,24.02,groceries
26,2025-04-08,116.03,groceries
28,2025-04-08,74.16,dining
31,2025-04-08,14.32,groceries
45,2025-04-08,13.4,dining
61,2025-04-08,50.6,dining
66,2025-04-08,77.21,fuel
70,2025-04-08,33.41,dining
71,2025-04-08,4.59,groceries
85,2025-04-08,19.96,travel
98,2025-04-08,60.82,dining
100,2025-04-08,38.88,dining
104,2025-04-08,38.64,fuel
114,2025-04-08,21.93,retail
119,2025-04-08,218.76,retail
17,2025-04-09,10.42,retail
27,2025-04-09,11.75,utilities
29,2025-04-09,70.77,fuel
37,2025-04-09,53.99,travel
39,2025-04-09,88.86,groceries
46,2025-04-09,16.86,fuel
50,2025-04-09,26.48,travel
54,2025-04-09,110.94,groceries
58,2025-04-09,39.1,fuel
63,2025-04-09,38.13,retail
66,2025-04-09,52.11,groceries
76,2025-04-09,59.9,groceries
80,2025-04-09,26.62,fuel
99,2025-04-09,39.41,dining
104,2025-04-09,21.05,utilities
113,2025-04-09,6.89,retail
3,2025-04-10,39.29,travel
5,2025-04-10,47.84,retail
32,2025-04-10,82.39,groceries
49,2025-04-10,15.39,retail
59,2025-04-10,22.95,dining
81,2025-04-10,61.74,utilities
87,2025-04-10,20.33,dining
90,2025-04-10,98.15,fuel
111,2025-04-10,49.1,fuel
120,2025-04-10,140.83,travel
2,2025-04-11,257.78,fuel
7,2025-04-11,5.33,groceries
12,2025-04-11,39.08,retail
36,2025-04-11,18.13,utilities
40,2025-04-11,44.34,utilities
47,2025-04-11,19.95,travel
50,2025-04-11,5.94,groceries
64,2025-04-11,20.2,groceries
102,2025-04-11,117.51,utilities
116,2025-04-11,203.17,fuel
118,2025-04-11,48.57,utilities
21,2025-04-12,17.79,groceries
24,2025-04-12,41.9,dining
28,2025-04-12,62.34,travel
31,2025-04-12,135.5,utilities
43,2025-04-12,12.1,travel
45,2025-04-12,29.63,fuel
68,2025-04-12,86.31,fuel
73,2025-04-12,35.56,groceries
74,2025-04-12,20.09,retail
75,2025-04-12,21.75,groceries
97,2025-04-12,5.31,retail
108,2025-04-12,104.73,retail
114,2025-04-12,33.28,retail
115,2025-04-12,52.73,travel
117,2025-04-12,78.34,retail
119,2025-04-12,17.49,dining
6,2025-04-13,111.43,travel
8,2025-04-13,28.27,groceries
9,2025-04-13,160.65,fuel
10,2025-04-13,28.39,utilities
13,2025-04-13,39.75,utilities
23,2025-04-13,38.79,utilities
29,2025-04-13,23.43,retail
35,2025-04-13,13.94,fuel
59,2025-04-13,14.73,groceries
64,2025-04-13,118.24,fuel
66,2025-04-13,72.86,utilities
84,2025-04-13,11.44,travel
85,2025-04-13,85.58,utilities
86,2025-04-13,17.73,utilities
91,2025-04-13,14.77,groceries
107,2025-04-13,87.74,utilities
1,2025-04-14,2.56,dining
7,2025-04-14,4.78,dining
11,2025-04-14,78.57,groceries
30,2025-04-14,47.93,dining
48,2025-04-14,44.63,utilities
49,2025-04-14,88.45,travel
52,2025-04-14,32.78,fuel
54,2025-04-14,30.53,fuel
76,2025-04-14,214.57,fuel
79,2025-04-14,135.09,utilities
93,2025-04-14,128.86,utilities
98,2025-04-14,40.68,utilities
111,2025-04-14,72.16,fuel
113,2025-04-14,43.88,groceries
1,2025-04-15,63.98,fuel
7,2025-04-15,46.29,travel
28,2025-04-15,30.71,travel
38,2025-04-15,138.64,groceries
42,2025-04-15,16.51,groceries
52,2025-04-15,175.17,utilities
53,2025-04-15,19.8,travel
67,2025-04-15,47.65,retail
70,2025-04-15,182.63,travel
72,2025-04-15,64.33,fuel
80,2025-04-15,121.88,retail
83,2025-04-15,54.86,groceries
100,2025-04-15,16.59,fuel
101,2025-04-15,208.81,dining
112,2025-04-15,28.28,groceries
10,2025-04-16,11.53,retail
11,2025-04-16,32.59,fuel
16,2025-04-16,13.36,groceries
18,2025-04-16,88.2,travel
22,2025-04-16,4.51,fuel
34,2025-04-16,47.11,groceries
36,2025-04-16,10.71,fuel
52,2025-04-16,178.68,groceries
55,2025-04-16,26.31,groceries
62,2025-04-16,65.38,dining
72,2025-04-16,20.99,groceries
77,2025-04-16,186.18,utilities
92,2025-04-16,24.53,travel
117,2025-04-16,50.7,groceries
6,2025-04-17,23.0,dining
26,2025-04-17,27.48,travel
32,2025-04-17,35.94,utilities
36,2025-04-17,8.25,utilities
44,2025-04-17,11.54,dining
51,2025-04-17,22.82,dining
58,2025-04-17,46.22,fuel
77,2025-04-17,54.98,retail
78,2025-04-17,19.96,dining
89,2025-04-17,20.52,dining
115,2025-04-17,28.55,utilities
116,2025-04-17,140.3,utilities
3,2025-04-18,15.96,dining
24,2025-04-18,36.89,dining
40,2025-04-18,30.1,retail
46,2025-04-18,23.29,travel
59,2025-04-18,12.68,dining
61,2025-04-18,21.87,retail
62,2025-04-18,91.92,dining
69,2025-04-18,9.02,dining
73,2025-04-18,16.94,retail
109,2025-04-18,30.81,fuel
112,2025-04-18,15.39,groceries
10,2025-04-19,17.21,groceries
17,2025-04-19,83.91,travel
19,2025-04-19,268.81,fuel
37,2025-04-19,33.61,fuel
41,2025-04-19,7.72,fuel
64,2025-04-19,4.4,groceries
65,2025-04-19,171.44,retail
71,2025-04-19,48.45,utilities
88,2025-04-19,20.72,fuel
98,2025-04-19,72.67,dining
21,2025-04-20,94.3,dining
49,2025-04-20,15.27,utilities
54,2025-04-20,38.25,travel
56,2025-04-20,78.3,dining
64,2025-04-20,33.23,groceries
68,2025-04-20,94.1,retail
73,2025-04-20,118.48,travel
75,2025-04-20,139.04,travel
79,2025-04-20,146.88,travel
101,2025-04-20,31.38,travel
119,2025-04-20,15.68,retail
3,2025-04-21,5.96,groceries
5,2025-04-21,136.29,retail
7,2025-04-21,5.04,retail
32,2025-04-21,96.29,utilities
41,2025-04-21,33.36,travel
52,2025-04-21,22.3,groceries
63,2025-04-21,13.98,groceries
64,2025-04-21,217.31,dining
69,2025-04-21,92.02,retail
70,2025-04-21,181.81,travel
78,2025-04-21,18.69,utilities
85,2025-04-21,27.74,dining
91,2025-04-21,24.78,dining
96,2025-04-21,48.64,fuel
101,2025-04-21,42.71,groceries
102,2025-04-21,22.84,groceries
104,2025-04-21,14.17,retail
106,2025-04-21,9.52,retail
115,2025-04-21,34.39,dining
17,2025-04-22,78.67,travel
39,2025-04-22,56.11,travel
59,2025-04-22,113.86,groceries
63,2025-04-22,23.04,groceries
68,2025-04-22,269.19,dining
76,2025-04-22,71.4,retail
77,2025-04-22,13.41,utilities
84,2025-04-22,37.61,retail
98,2025-04-22,7.98,retail
99,2025-04-22,121.6,groceries
109,2025-04-22,38.96,utilities
111,2025-04-22,9.74,retail
9,2025-04-23,52.74,dining
26,2025-04-23,25.17,utilities
27,2025-04-23,52.45,groceries
34,2025-04-23,63.08,dining
35,2025-04-23,38.07,retail
47,2025-04-23,38.15,groceries
51,2025-04-23,42.59,fuel
52,2025-04-23,18.53,utilities
55,2025-04-23,75.55,utilities
61,2025-04-23,52.42,fuel
74,2025-04-23,21.61,groceries
80,2025-04-23,31.99,travel
81,2025-04-23,17.29,dining
92,2025-04-23,130.75,fuel
107,2025-04-23,129.5,retail
2,2025-04-24,16.24,retail
19,2025-04-24,197.63,utilities
21,2025-04-24,18.02,dining
45,2025-04-24,47.02,utilities
58,2025-04-24,19.74,dining
62,2025-04-24,88.03,fuel
64,2025-04-24,8.53,travel
66,2025-04-24,58.65,groceries
73,2025-04-24,20.87,groceries
83,2025-04-24,21.27,fuel
90,2025-04-24,18.62,dining
116,2025-04-24,32.84,dining
118,2025-04-24,28.08,travel
120,2025-04-24,93.67,travel
10,2025-04-25,62.21,fuel
12,2025-04-25,7.61,utilities
13,2025-04-25,28.69,retail
16,2025-04-25,26.42,travel
27,2025-04-25,15.25,groceries
28,2025-04-25,55.83,dining
31,2025-04-25,49.66,fuel
38,2025-04-25,172.59,utilities
42,2025-04-25,65.83,fuel
86,2025-04-25,41.23,utilities
91,2025-04-25,15.03,travel
97,2025-04-25,22.9,travel
108,2025-04-25,11.29,utilities
2,2025-04-26,36.22,groceries
5,2025-04-26,11.54,retail
19,2025-04-26,37.12,travel
55,2025-04-26,20.19,retail
67,2025-04-26,17.94,retail
70,2025-04-26,74.86,travel
78,2025-04-26,8.4,utilities
113,2025-04-26,39.68,travel
114,2025-04-26,4.61,fuel
8,2025-04-27,221.6,retail
13,2025-04-27,42.14,fuel
29,2025-04-27,29.32,fuel
30,2025-04-27,52.23,travel
48,2025-04-27,62.66,travel
70,2025-04-27,38.27,utilities
71,2025-04-27,33.84,groceries
76,2025-04-27,15.07,utilities
81,2025-04-27,27.18,fuel
86,2025-04-27,32.84,groceries
89,2025-04-27,18.0,retail
93,2025-04-27,33.42,travel
112,2025-04-27,18.62,fuel
1,2025-04-28,73.65,dining
12,2025-04-28,33.4,travel
17,2025-04-28,59.52,utilities
29,2025-04-28,24.72,groceries
30,2025-04-28,76.05,travel
32,2025-04-28,25.78,utilities
36,2025-04-28,91.37,groceries
37,2025-04-28,159.15,travel
46,2025-04-28,27.28,fuel
59,2025-04-28,39.57,dining
63,2025-04-28,9.31,dining
64,2025-04-28,18.47,retail
100,2025-04-28,68.81,utilities
108,2025-04-28,24.94,dining
111,2025-04-28,71.29,travel
18,2025-04-29,6.18,groceries
21,2025-04-29,15.04,groceries
27,2025-04-29,69.2,retail
32,2025-04-29,13.9,utilities
44,2025-04-29,46.23,fuel
67,2025-04-29,33.0,utilities
68,2025-04-29,25.9,travel
69,2025-04-29,13.98,travel
72,2025-04-29,72.57,utilities
83,2025-04-29,53.45,fuel
84,2025-04-29,16.82,utilities
99,2025-04-29,167.36,groceries
102,2025-04-29,31.07,groceries
118,2025-04-29,70.1,travel
2,2025-04-30,14.31,dining
11,2025-04-30,97.12,utilities
12,2025-04-30,32.39,groceries
40,2025-04-30,8.49,utilities
52,2025-04-30,20.76,groceries
55,2025-04-30,75.32,utilities
63,2025-04-30,207.78,fuel
66,2025-04-30,60.67,retail
77,2025-04-30,16.8,retail
86,2025-04-30,52.42,dining
93,2025-04-30,140.93,fuel
106,2025-04-30,38.16,retail
114,2025-04-30,27.33,utilities
119,2025-04-30,32.24,travel
6,2025-05-01,63.24,dining
17,2025-05-01,13.67,utilities
26,2025-05-01,99.73,utilities
35,2025-05-01,152.1,travel
51,2025-05-01,57.87,dining
58,2025-05-01,27.74,groceries
75,2025-05-01,23.04,utilities
76,2025-05-01,24.0,fuel
77,2025-05-01,53.75,utilities
83,2025-05-01,17.79,dining
88,2025-05-01,202.74,retail
89,2025-05-01,13.46,retail
90,2025-05-01,33.06,retail
96,2025-05-01,69.93,utilities
109,2025-05-01,372.86,fuel
111,2025-05-01,11.21,fuel
3,2025-05-02,7.78,dining
35,2025-05-02,23.94,travel
38,2025-05-02,475.27,groceries
47,2025-05-02,41.39,utilities
49,2025-05-02,79.43,fuel
62,2025-05-02,109.44,travel
67,2025-05-02,15.5,travel
69,2025-05-02,134.07,dining
85,2025-05-02,24.08,retail
86,2025-05-02,114.92,fuel
100,2025-05-02,22.05,dining
104,2025-05-02,73.47,groceries
115,2025-05-02,30.21,fuel
1,2025-05-03,32.33,retail
16,2025-05-03,20.84,dining
18,2025-05-03,66.61,utilities
39,2025-05-03,54.87,dining
41,2025-05-03,6.54,dining
71,2025-05-03,466.74,travel
72,2025-05-03,45.14,groceries
98,2025-05-03,22.86,dining
19,2025-05-04,52.77,utilities
49,2025-05-04,52.71,retail
56,2025-05-04,20.78,groceries
68,2025-05-04,11.92,travel
79,2025-05-04,63.66,utilities
101,2025-05-04,128.56,groceries
111,2025-05-04,35.52,travel
113,2025-05-04,13.77,retail
115,2025-05-04,24.57,fuel
3,2025-05-05,130.85,retail
8,2025-05-05,25.19,groceries
9,2025-05-05,36.19,fuel
10,2025-05-05,11.47,retail
31,2025-05-05,4.44,fuel
39,2025-05-05,35.38,retail
83,2025-05-05,27.44,groceries
98,2025-05-05,6.59,dining
104,2025-05-05,19.12,groceries
2,2025-05-06,71.54,travel
12,2025-05-06,127.59,utilities
29,2025-05-06,33.53,dining
30,2025-05-06,60.1,fuel
88,2025-05-06,32.35,travel
90,2025-05-06,27.08,fuel
99,2025-05-06,143.77,utilities
108,2025-05-06,36.02,groceries
113,2025-05-06,52.81,dining
27,2025-05-07,92.9,travel
34,2025-05-07,20.69,travel
45,2025-05-07,72.7,groceries
56,2025-05-07,166.71,retail
72,2025-05-07,63.27,dining
73,2025-05-07,60.95,utilities
80,2025-05-07,104.76,groceries
91,2025-05-07,117.64,groceries
92,2025-05-07,30.5,fuel
97,2025-05-07,34.63,groceries
102,2025-05-07,10.11,fuel
113,2025-05-07,23.85,utilities
118,2025-05-07,33.35,travel
119,2025-05-07,39.62,travel
19,2025-05-08,57.78,dining
31,2025-05-08,24.03,fuel
44,2025-05-08,24.63,dining
47,2025-05-08,92.04,travel
49,2025-05-08,53.34,groceries
52,2025-05-08,60.31,travel
62,2025-05-08,107.99,travel
72,2025-05-08,17.38,travel
85,2025-05-08,43.95,utilities
86,2025-05-08,22.1,dining
88,2025-05-08,5.02,travel
106,2025-05-08,17.66,dining
108,2025-05-08,134.1,utilities
112,2025-05-08,29.21,fuel
116,2025-05-08,95.57,utilities
120,2025-05-08,57.18,travel
2,2025-05-09,62.0,retail
5,2025-05-09,28.13,groceries
17,2025-05-09,91.21,retail
26,2025-05-09,40.67,utilities
28,2025-05-09,32.68,travel
36,2025-05-09,42.94,dining
40,2025-05-09,1.79,retail
42,2025-05-09,110.75,travel
58,2025-05-09,21.43,travel
63,2025-05-09,46.12,utilities
64,2025-05-09,31.37,utilities
78,2025-05-09,4.86,fuel
84,2025-05-09,31.58,fuel
90,2025-05-09,12.58,dining
101,2025-05-09,60.29,utilities
118,2025-05-09,25.42,utilities
11,2025-05-10,12.07,groceries
18,2025-05-10,41.82,fuel
21,2025-05-10,30.41,fuel
28,2025-05-10,26.91,retail
32,2025-05-10,20.64,groceries
52,2025-05-10,49.26,dining
70,2025-05-10,54.26,groceries
91,2025-05-10,15.3,retail
109,2025-05-10,20.47,utilities
48,2025-05-11,42.77,utilities
67,2025-05-11,104.88,utilities
81,2025-05-11,32.72,retail
119,2025-05-11,25.24,groceries
37,2025-05-12,190.83,fuel
59,2025-05-12,12.45,utilities
76,2025-05-12,52.69,groceries
96,2025-05-12,12.72,dining
100,2025-05-12,22.52,dining
115,2025-05-12,28.05,dining
9,2025-05-13,15.28,fuel
30,2025-05-13,135.57,groceries
38,2025-05-13,120.95,utilities
45,2025-05-13,55.09,dining
52,2025-05-13,22.67,groceries
55,2025-05-13,55.44,dining
69,2025-05-13,72.27,retail
73,2025-05-13,16.77,groceries
75,2025-05-13,188.96,retail
97,2025-05-13,14.06,fuel
101,2025-05-13,15.97,dining
114,2025-05-13,17.28,travel
6,2025-05-14,48.72,utilities
16,2025-05-14,5.29,dining
21,2025-05-14,87.35,groceries
26,2025-05-14,28.72,retail
42,2025-05-14,51.22,dining
49,2025-05-14,117.75,retail
51,2025-05-14,7.36,groceries
90,2025-05-14,51.05,retail
92,2025-05-14,84.0,utilities
93,2025-05-14,60.18,fuel
100,2025-05-14,29.29,retail
119,2025-05-14,22.22,fuel
10,2025-05-15,28.01,travel
35,2025-05-15,81.35,fuel
36,2025-05-15,108.9,travel
41,2025-05-15,21.25,travel
62,2025-05-15,18.86,dining
76,2025-05-15,35.2,retail
77,2025-05-15,20.89,travel
118,2025-05-15,18.35,retail
119,2025-05-15,7.82,dining
1,2025-05-16,34.04,retail
9,2025-05-16,19.89,fuel
28,2025-05-16,6.29,groceries
38,2025-05-16,50.67,groceries
44,2025-05-16,68.32,utilities
72,2025-05-16,46.56,groceries
97,2025-05-16,10.84,retail
112,2025-05-16,68.74,utilities
1,2025-05-17,74.2,utilities
12,2025-05-17,10.26,dining
26,2025-05-17,51.14,dining
30,2025-05-17,107.87,fuel
45,2025-05-17,26.48,fuel
68,2025-05-17,10.26,dining
104,2025-05-17,60.51,travel
111,2025-05-17,168.18,utilities
5,2025-05-18,126.43,retail
26,2025-05-18,10.66,utilities
31,2025-05-18,32.66,utilities
34,2025-05-18,131.46,travel
75,2025-05-18,97.72,dining
79,2025-05-18,98.64,fuel
80,2025-05-18,20.88,utilities
83,2025-05-18,33.12,retail
86,2025-05-18,41.82,retail
99,2025-05-18,22.59,retail
102,2025-05-18,34.1,dining
115,2025-05-18,124.74,fuel
3,2025-05-19,82.24,fuel
29,2025-05-19,60.47,retail
31,2025-05-19,14.39,utilities
32,2025-05-19,21.81,dining
44,2025-05-19,54.53,dining
49,2025-05-19,21.95,groceries
76,2025-05-19,44.23,dining
88,2025-05-19,57.28,travel
98,2025-05-19,29.48,dining
27,2025-05-20,54.69,retail
28,2025-05-20,13.46,dining
45,2025-05-20,20.05,fuel
47,2025-05-20,52.13,groceries
48,2025-05-20,32.78,groceries
52,2025-05-20,68.78,groceries
63,2025-05-20,19.43,dining
70,2025-05-20,44.67,utilities
83,2025-05-20,178.69,retail
85,2025-05-20,47.51,retail
90,2025-05-20,12.99,travel
96,2025-05-20,45.41,groceries
116,2025-05-20,72.49,fuel
118,2025-05-20,23.39,utilities
11,2025-05-21,6.45,groceries
19,2025-05-21,35.19,dining
40,2025-05-21,110.73,utilities
97,2025-05-21,28.64,travel
100,2025-05-21,24.68,travel
106,2025-05-21,151.91,fuel
111,2025-05-21,58.76,dining
3,2025-05-22,64.05,groceries
16,2025-05-22,79.39,travel
27,2025-05-22,73.87,dining
37,2025-05-22,16.5,groceries
73,2025-05-22,15.73,utilities
81,2025-05-22,9.58,utilities
120,2025-05-22,34.47,utilities
2,2025-05-23,35.46,fuel
9,2025-05-23,88.08,dining
17,2025-05-23,45.55,fuel
18,2025-05-23,68.01,retail
19,2025-05-23,104.44,utilities
35,2025-05-23,19.58,utilities
36,2025-05-23,11.26,fuel
58,2025-05-23,63.92,groceries
64,2025-05-23,32.21,utilities
67,2025-05-23,61.86,travel
68,2025-05-23,19.14,groceries
84,2025-05-23,124.78,groceries
91,2025-05-23,26.27,utilities
98,2025-05-23,39.97,travel
5,2025-05-24,20.87,groceries
6,2025-05-24,13.4,retail
16,2025-05-24,26.66,utilities
38,2025-05-24,49.51,utilities
58,2025-05-24,82.87,utilities
69,2025-05-24,10.4,dining
70,2025-05-24,5.43,fuel
79,2025-05-24,96.65,travel
90,2025-05-24,37.25,dining
91,2025-05-24,44.68,dining
99,2025-05-24,12.43,groceries
100,2025-05-24,37.97,fuel
106,2025-05-24,10.78,groceries
109,2025-05-24,49.09,retail
119,2025-05-24,42.41,groceries
34,2025-05-25,24.74,dining
36,2025-05-25,99.52,travel
37,2025-05-25,91.31,travel
42,2025-05-25,43.03,dining
58,2025-05-25,61.69,fuel
59,2025-05-25,29.27,fuel
62,2025-05-25,31.91,utilities
67,2025-05-25,26.24,retail
112,2025-05-25,13.12,utilities
115,2025-05-25,8.54,travel
10,2025-05-26,54.7,travel
49,2025-05-26,291.93,groceries
63,2025-05-26,37.0,utilities
77,2025-05-26,61.91,retail
101,2025-05-26,270.68,travel
104,2025-05-26,43.86,travel
109,2025-05-26,49.67,fuel
114,2025-05-26,164.53,retail
118,2025-05-26,48.13,dining
5,2025-05-27,35.37,dining
35,2025-05-27,17.49,retail
55,2025-05-27,12.67,utilities
83,2025-05-27,22.71,retail
90,2025-05-27,7.96,retail
92,2025-05-27,107.17,dining
93,2025-05-27,23.09,travel
97,2025-05-27,10.38,utilities
118,2025-05-27,89.42,retail
12,2025-05-28,36.07,groceries
17,2025-05-28,38.66,utilities
26,2025-05-28,35.28,fuel
41,2025-05-28,27.29,travel
68,2025-05-28,26.51,utilities
75,2025-05-28,58.54,groceries
85,2025-05-28,97.04,dining
97,2025-05-28,86.67,travel
102,2025-05-28,20.37,groceries
3,2025-05-29,115.44,dining
10,2025-05-29,225.65,retail
18,2025-05-29,601.5,travel
36,2025-05-29,44.6,dining
80,2025-05-29,23.71,retail
116,2025-05-29,36.7,retail
31,2025-05-30,22.73,dining
40,2025-05-30,10.62,fuel
42,2025-05-30,22.83,dining
47,2025-05-30,31.1,fuel
62,2025-05-30,243.64,groceries
88,2025-05-30,60.11,retail
93,2025-05-30,41.8,retail
100,2025-05-30,7.64,travel
1,2025-05-31,28.04,groceries
18,2025-05-31,33.06,retail
26,2025-05-31,73.34,dining
30,2025-05-31,19.62,travel
32,2025-05-31,38.56,retail
37,2025-05-31,49.69,dining
38,2025-05-31,219.44,dining
41,2025-05-31,9.88,utilities
59,2025-05-31,33.21,fuel
79,2025-05-31,25.59,groceries
86,2025-05-31,6.06,dining
96,2025-05-31,16.04,travel
101,2025-05-31,26.39,fuel
118,2025-05-31,58.8,utilities
16,2025-06-01,19.05,utilities
29,2025-06-01,10.56,groceries
120,2025-06-01,24.5,retail
1,2025-06-02,23.32,groceries
9,2025-06-02,94.43,fuel
11,2025-06-02,39.69,travel
27,2025-06-02,15.0,dining
36,2025-06-02,44.46,dining
44,2025-06-02,51.22,travel
47,2025-06-02,130.92,retail
64,2025-06-02,45.91,dining
69,2025-06-02,12.05,dining
91,2025-06-02,15.85,dining
97,2025-06-02,89.2,retail
100,2025-06-02,19.14,dining
104,2025-06-02,4.32,fuel
106,2025-06-02,18.26,dining
111,2025-06-02,22.73,dining
112,2025-06-02,20.85,retail
28,2025-06-03,35.49,fuel
42,2025-06-03,37.5,groceries
44,2025-06-03,115.47,travel
45,2025-06-03,191.83,dining
48,2025-06-03,35.33,fuel
58,2025-06-03,12.81,fuel
70,2025-06-03,739.91,travel
75,2025-06-03,3.56,dining
81,2025-06-03,20.75,retail
88,2025-06-03,26.0,dining
119,2025-06-03,26.69,dining
2,2025-06-04,22.03,retail
34,2025-06-04,15.61,groceries
35,2025-06-04,47.56,travel
37,2025-06-04,62.34,utilities
49,2025-06-04,14.81,utilities
59,2025-06-04,69.38,dining
62,2025-06-04,30.97,groceries
67,2025-06-04,94.67,utilities
88,2025-06-04,37.94,dining
92,2025-06-04,99.85,travel
99,2025-06-04,45.22,travel
115,2025-06-04,140.47,utilities
120,2025-06-04,49.99,travel
16,2025-06-05,37.22,fuel
29,2025-06-05,14.72,fuel
67,2025-06-05,32.03,fuel
80,2025-06-05,50.84,utilities
84,2025-06-05,56.51,travel
98,2025-06-05,38.98,fuel
102,2025-06-05,38.41,groceries
109,2025-06-05,31.0,groceries
114,2025-06-05,30.74,retail
5,2025-06-06,107.66,dining
9,2025-06-06,39.49,dining
18,2025-06-06,16.7,fuel
19,2025-06-06,52.66,groceries
63,2025-06-06,37.98,dining
68,2025-06-06,56.38,utilities
69,2025-06-06,4.49,fuel
84,2025-06-06,128.78,utilities
85,2025-06-06,7.65,fuel
91,2025-06-06,77.04,groceries
104,2025-06-06,134.72,retail
119,2025-06-06,8.78,utilities
6,2025-06-07,15.11,dining
16,2025-06-07,39.63,groceries
41,2025-06-07,102.04,groceries
55,2025-06-07,15.33,groceries
58,2025-06-07,36.69,dining
90,2025-06-07,44.64,fuel
91,2025-06-07,28.31,dining
92,2025-06-07,25.03,utilities
97,2025-06-07,20.91,travel
111,2025-06-07,59.7,travel
119,2025-06-07,37.41,fuel
49,2025-06-08,68.87,groceries
77,2025-06-08,113.35,utilities
11,2025-06-09,21.53,retail
12,2025-06-09,65.71,travel
19,2025-06-09,41.05,dining
28,2025-06-09,100.85,dining
32,2025-06-09,106.08,travel
40,2025-06-09,51.2,travel
81,2025-06-09,70.68,utilities
83,2025-06-09,21.5,retail
93,2025-06-09,28.86,travel
111,2025-06-09,57.99,utilities
41,2025-06-10,55.43,utilities
45,2025-06-10,135.7,retail
68,2025-06-10,274.4,utilities
75,2025-06-10,15.67,utilities
77,2025-06-10,15.75,utilities
88,2025-06-10,63.6,groceries
92,2025-06-10,32.26,dining
93,2025-06-10,6.62,utilities
1,2025-06-11,24.51,dining
6,2025-06-11,42.88,travel
10,2025-06-11,27.5,dining
17,2025-06-11,33.75,groceries
55,2025-06-11,34.3,travel
62,2025-06-11,29.87,dining
80,2025-06-11,7.84,groceries
84,2025-06-11,58.09,groceries
86,2025-06-11,42.49,travel
97,2025-06-11,220.12,dining
112,2025-06-11,275.84,groceries
11,2025-06-12,51.4,dining
18,2025-06-12,5.33,groceries
26,2025-06-12,22.71,travel
30,2025-06-12,95.23,fuel
31,2025-06-12,23.97,utilities
32,2025-06-12,30.63,retail
35,2025-06-12,20.1,travel
80,2025-06-12,10.71,travel
92,2025-06-12,8.87,fuel
115,2025-06-12,49.51,travel
116,2025-06-12,39.27,groceries
118,2025-06-12,52.7,dining
31,2025-06-13,32.17,utilities
36,2025-06-13,148.88,retail
44,2025-06-13,79.49,fuel
47,2025-06-13,22.72,retail
48,2025-06-13,30.73,groceries
79,2025-06-13,40.27,groceries
85,2025-06-13,25.46,retail
100,2025-06-13,11.56,travel
102,2025-06-13,32.29,groceries
111,2025-06-13,188.08,retail
112,2025-06-13,84.46,retail
5,2025-06-14,33.8,utilities
19,2025-06-14,23.31,groceries
29,2025-06-14,22.23,dining
38,2025-06-14,79.46,dining
40,2025-06-14,101.49,fuel
42,2025-06-14,51.15,utilities
63,2025-06-14,33.02,groceries
64,2025-06-14,47.51,travel
68,2025-06-14,100.39,fuel
69,2025-06-14,70.36,retail
30,2025-06-15,57.86,utilities
59,2025-06-15,46.54,fuel
70,2025-06-15,36.24,dining
90,2025-06-15,238.96,utilities
92,2025-06-15,47.3,utilities
6,2025-06-16,206.64,fuel
11,2025-06-16,84.02,fuel
12,2025-06-16,28.43,fuel
27,2025-06-16,146.1,utilities
49,2025-06-16,90.47,travel
70,2025-06-16,118.53,utilities
97,2025-06-16,47.4,dining
104,2025-06-16,105.53,dining
106,2025-06-16,58.88,retail
111,2025-06-16,32.16,groceries
114,2025-06-16,12.98,travel
17,2025-06-17,83.24,dining
30,2025-06-17,27.71,utilities
37,2025-06-17,9.11,travel
99,2025-06-17,52.64,travel
109,2025-06-17,158.33,retail
34,2025-06-18,20.06,groceries
45,2025-06-18,9.18,utilities
67,2025-06-18,19.99,fuel
77,2025-06-18,15.92,groceries
86,2025-06-18,12.81,utilities
88,2025-06-18,30.7,travel
102,2025-06-18,45.42,groceries
116,2025-06-18,18.08,retail
6,2025-06-19,12.86,utilities
16,2025-06-19,39.72,fuel
18,2025-06-19,21.46,retail
81,2025-06-19,46.31,dining
93,2025-06-19,37.31,groceries
97,2025-06-19,46.96,utilities
98,2025-06-19,28.67,retail
104,2025-06-19,95.09,retail
106,2025-06-19,34.78,fuel
31,2025-06-20,3.67,utilities
75,2025-06-20,38.84,groceries
90,2025-06-20,93.22,dining
112,2025-06-20,22.35,fuel
115,2025-06-20,25.47,utilities
10,2025-06-21,38.97,utilities
26,2025-06-21,20.02,groceries
32,2025-06-21,18.22,retail
42,2025-06-21,25.49,fuel
58,2025-06-21,62.74,fuel
64,2025-06-21,73.83,groceries
81,2025-06-21,121.5,retail
91,2025-06-21,14.41,dining
100,2025-06-21,14.03,retail
114,2025-06-21,42.94,dining
118,2025-06-21,5.46,dining
27,2025-06-22,45.39,travel
28,2025-06-22,102.12,utilities
38,2025-06-22,10.03,dining
44,2025-06-22,21.68,travel
80,2025-06-22,45.39,dining
116,2025-06-22,68.73,utilities
17,2025-06-23,64.93,travel
29,2025-06-23,225.57,retail
47,2025-06-23,58.86,travel
55,2025-06-23,40.34,travel
83,2025-06-23,55.75,dining
102,2025-06-23,25.52,dining
118,2025-06-23,46.67,fuel
30,2025-06-24,42.74,dining
36,2025-06-24,54.08,travel
48,2025-06-24,111.34,retail
58,2025-06-24,40.38,utilities
63,2025-06-24,135.24,travel
67,2025-06-24,22.92,travel
84,2025-06-24,41.32,utilities
85,2025-06-24,7.84,travel
88,2025-06-24,44.01,groceries
1,2025-06-25,100.07,fuel
5,2025-06-25,81.85,dining
11,2025-06-25,10.34,groceries
62,2025-06-25,11.13,fuel
68,2025-06-25,104.56,utilities
69,2025-06-25,185.36,travel
84,2025-06-25,21.88,retail
93,2025-06-25,38.89,retail
99,2025-06-25,35.23,travel
115,2025-06-25,131.47,groceries
6,2025-06-26,56.92,utilities
12,2025-06-26,140.18,groceries
16,2025-06-26,145.96,utilities
19,2025-06-26,56.14,fuel
29,2025-06-26,29.52,fuel
34,2025-06-26,24.46,utilities
35,2025-06-26,33.47,dining
38,2025-06-26,34.05,travel
42,2025-06-26,71.69,travel
77,2025-06-26,51.31,retail
79,2025-06-26,51.68,dining
92,2025-06-26,90.2,fuel
10,2025-06-27,16.74,groceries
19,2025-06-27,22.29,groceries
26,2025-06-27,80.73,dining
30,2025-06-27,71.83,fuel
45,2025-06-27,14.01,utilities
58,2025-06-27,17.83,travel
67,2025-06-27,84.51,groceries
75,2025-06-27,15.99,retail
93,2025-06-27,103.34,retail
97,2025-06-27,63.58,retail
100,2025-06-27,40.83,dining
30,2025-06-28,16.3,travel
91,2025-06-28,60.3,retail
97,2025-06-28,70.14,dining
99,2025-06-28,224.35,utilities
12,2025-06-29,26.0,utilities
18,2025-06-29,37.2,travel
42,2025-06-29,149.35,retail
59,2025-06-29,6.11,fuel
79,2025-06-29,171.49,fuel
81,2025-06-29,67.61,travel
83,2025-06-29,107.96,utilities
100,2025-06-29,12.03,groceries
102,2025-06-29,93.15,dining
31,2025-06-30,31.05,travel
37,2025-06-30,37.27,dining
49,2025-06-30,34.46,fuel
77,2025-06-30,53.98,fuel
92,2025-06-30,5.59,fuel
99,2025-06-30,24.96,fuel
106,2025-06-30,30.79,utilities
111,2025-06-30,32.15,retail
114,2025-06-30,11.86,utilities
10,2025-07-01,99.13,groceries
11,2025-07-01,49.51,fuel
28,2025-07-01,139.44,dining
32,2025-07-01,71.91,fuel
64,2025-07-01,62.17,utilities
81,2025-07-01,24.08,travel
85,2025-07-01,22.57,utilities
98,2025-07-01,9.28,utilities
116,2025-07-01,89.88,groceries
1,2025-07-02,123.36,travel
10,2025-07-02,17.22,fuel
18,2025-07-02,23.12,utilities
29,2025-07-02,8.2,retail
55,2025-07-02,99.22,dining
68,2025-07-02,145.61,travel
104,2025-07-02,27.76,groceries
112,2025-07-02,116.28,groceries
36,2025-07-03,23.24,groceries
44,2025-07-03,55.06,fuel
58,2025-07-03,120.7,dining
80,2025-07-03,66.33,utilities
102,2025-07-03,10.64,utilities
63,2025-07-04,40.24,retail
79,2025-07-04,48.68,travel
90,2025-07-04,36.39,travel
91,2025-07-04,61.57,groceries
5,2025-07-05,31.61,dining
16,2025-07-05,41.91,fuel
31,2025-07-05,44.17,groceries
34,2025-07-05,102.08,utilities
42,2025-07-05,12.57,travel
69,2025-07-05,53.84,fuel
104,2025-07-05,23.01,travel
118,2025-07-05,12.1,retail
11,2025-07-06,15.81,fuel
17,2025-07-06,122.77,travel
31,2025-07-06,23.5,dining
42,2025-07-06,22.59,groceries
67,2025-07-06,16.74,groceries
98,2025-07-06,153.35,groceries
1,2025-07-07,11.88,retail
5,2025-07-07,31.34,dining
6,2025-07-07,144.27,utilities
26,2025-07-07,64.81,dining
47,2025-07-07,24.11,fuel
84,2025-07-07,25.45,fuel
91,2025-07-07,84.75,groceries
111,2025-07-07,17.75,fuel
115,2025-07-07,18.8,fuel
12,2025-07-08,137.16,fuel
45,2025-07-08,35.2,utilities
48,2025-07-08,27.62,utilities
59,2025-07-08,30.47,groceries
62,2025-07-08,31.82,travel
63,2025-07-08,35.59,groceries
81,2025-07-08,139.19,retail
85,2025-07-08,26.39,dining
99,2025-07-08,16.95,groceries
102,2025-07-08,93.4,retail
35,2025-07-09,37.99,utilities
36,2025-07-09,128.02,groceries
47,2025-07-09,96.45,retail
114,2025-07-09,14.97,utilities
28,2025-07-10,110.45,fuel
42,2025-07-10,124.63,travel
47,2025-07-10,29.4,utilities
48,2025-07-10,10.68,utilities
63,2025-07-10,2.07,travel
80,2025-07-10,19.08,fuel
92,2025-07-10,43.78,dining
93,2025-07-10,35.73,dining
114,2025-07-10,37.73,dining
28,2025-07-11,92.07,groceries
29,2025-07-11,30.69,travel
36,2025-07-11,10.52,utilities
44,2025-07-11,31.61,fuel
62,2025-07-11,44.5,dining
75,2025-07-11,30.23,travel
77,2025-07-11,19.86,dining
80,2025-07-11,19.47,dining
83,2025-07-11,12.87,utilities
97,2025-07-11,21.56,fuel
100,2025-07-11,39.4,fuel
118,2025-07-11,120.41,utilities
18,2025-07-12,21.86,travel
26,2025-07-12,42.08,travel
30,2025-07-12,11.83,groceries
49,2025-07-12,46.77,retail
55,2025-07-12,21.77,groceries
67,2025-07-12,12.99,travel
98,2025-07-12,296.62,dining
106,2025-07-12,63.49,groceries
16,2025-07-13,39.77,dining
44,2025-07-13,22.56,retail
58,2025-07-13,44.7,groceries
77,2025-07-13,67.52,retail
79,2025-07-13,128.14,utilities
10,2025-07-14,47.8,fuel
12,2025-07-14,18.63,retail
29,2025-07-14,61.02,groceries
37,2025-07-14,67.4,travel
44,2025-07-14,118.42,dining
47,2025-07-14,72.13,retail
102,2025-07-14,29.02,utilities
116,2025-07-14,21.47,groceries
118,2025-07-14,57.88,retail
1,2025-07-15,9.15,retail
11,2025-07-15,40.36,travel
17,2025-07-15,17.35,fuel
32,2025-07-15,54.49,utilities
34,2025-07-15,18.43,fuel
64,2025-07-15,20.59,dining
80,2025-07-15,47.86,utilities
81,2025-07-15,38.55,dining
90,2025-07-15,21.71,dining
100,2025-07-15,46.45,utilities
104,2025-07-15,3.32,utilities
10,2025-07-16,44.64,groceries
34,2025-07-16,83.74,fuel
35,2025-07-16,21.54,dining
47,2025-07-16,56.24,groceries
64,2025-07-16,122.86,retail
90,2025-07-16,30.2,travel
99,2025-07-16,40.01,retail
102,2025-07-16,33.24,fuel
111,2025-07-16,71.5,retail
112,2025-07-16,65.19,groceries
6,2025-07-17,78.03,fuel
31,2025-07-17,16.63,travel
55,2025-07-17,30.1,dining
77,2025-07-17,52.22,retail
90,2025-07-17,14.08,travel
91,2025-07-17,21.37,retail
92,2025-07-17,10.69,retail
111,2025-07-17,27.2,travel
37,2025-07-18,38.01,retail
58,2025-07-18,42.65,groceries
92,2025-07-18,22.6,groceries
98,2025-07-18,36.35,travel
116,2025-07-18,218.46,fuel
18,2025-07-19,18.89,travel
48,2025-07-19,156.34,groceries
84,2025-07-19,42.74,utilities
114,2025-07-19,29.55,groceries
115,2025-07-19,29.59,groceries
6,2025-07-20,151.23,fuel
100,2025-07-20,82.67,utilities
118,2025-07-20,46.74,dining
6,2025-07-21,51.1,travel
12,2025-07-21,32.38,fuel
77,2025-07-21,31.57,groceries
85,2025-07-21,50.23,groceries
100,2025-07-21,45.1,fuel
104,2025-07-21,69.37,fuel
29,2025-07-22,30.82,groceries
32,2025-07-22,19.92,fuel
45,2025-07-22,21.55,groceries
58,2025-07-22,14.91,retail
59,2025-07-22,13.68,fuel
64,2025-07-22,15.38,fuel
79,2025-07-22,46.14,groceries
90,2025-07-22,33.33,retail
97,2025-07-22,48.38,dining
26,2025-07-23,161.06,retail
31,2025-07-23,92.59,utilities
36,2025-07-23,434.01,retail
62,2025-07-23,9.77,fuel
63,2025-07-23,38.34,groceries
77,2025-07-23,68.91,fuel
106,2025-07-23,29.1,utilities
34,2025-07-24,9.98,groceries
42,2025-07-24,10.86,groceries
47,2025-07-24,39.42,fuel
58,2025-07-24,102.61,groceries
28,2025-07-25,101.51,retail
37,2025-07-25,11.09,travel
83,2025-07-25,85.85,fuel
92,2025-07-25,60.35,fuel
98,2025-07-25,63.81,utilities
106,2025-07-25,65.85,dining
17,2025-07-26,7.85,dining
30,2025-07-26,10.64,groceries
31,2025-07-26,15.03,retail
44,2025-07-26,23.26,travel
83,2025-07-26,24.38,utilities
111,2025-07-26,54.62,groceries
16,2025-07-27,40.6,retail
35,2025-07-27,87.36,travel
44,2025-07-27,18.03,fuel
81,2025-07-27,31.74,travel
91,2025-07-27,76.34,groceries
104,2025-07-27,10.35,dining
112,2025-07-27,18.77,dining
48,2025-07-28,341.81,groceries
62,2025-07-28,54.08,fuel
77,2025-07-28,90.04,dining
80,2025-07-28,66.49,retail
100,2025-07-28,28.54,utilities
102,2025-07-28,21.27,groceries
11,2025-07-29,65.23,utilities
16,2025-07-29,26.36,retail
45,2025-07-29,6.86,utilities
79,2025-07-29,64.82,retail
99,2025-07-29,7.69,groceries
30,2025-07-30,61.2,fuel
31,2025-07-30,13.68,retail
55,2025-07-30,73.66,dining
62,2025-07-30,23.41,dining
79,2025-07-30,32.83,dining
114,2025-07-30,27.12,dining
12,2025-07-31,18.5,utilities
28,2025-07-31,152.15,travel
47,2025-07-31,43.22,utilities
62,2025-07-31,19.46,utilities
84,2025-07-31,62.09,utilities
85,2025-07-31,26.65,travel
91,2025-07-31,13.07,utilities
92,2025-07-31,16.41,dining
111,2025-07-31,27.26,dining
114,2025-07-31,46.4,travel
115,2025-07-31,43.29,fuel
116,2025-07-31,18.22,travel
18,2025-08-01,24.38,retail
36,2025-08-01,43.87,retail
42,2025-08-01,9.29,retail
80,2025-08-01,15.0,retail
90,2025-08-01,9.91,retail
104,2025-08-01,19.31,fuel
63,2025-08-02,69.04,travel
6,2025-08-03,12.84,utilities
16,2025-08-03,15.82,fuel
44,2025-08-03,73.04,dining
59,2025-08-03,44.66,fuel
64,2025-08-03,61.05,fuel
118,2025-08-03,126.17,retail
35,2025-08-04,90.77,fuel
37,2025-08-04,25.96,fuel
80,2025-08-04,17.37,retail
85,2025-08-04,109.77,fuel
112,2025-08-04,8.78,dining
114,2025-08-04,16.73,fuel
32,2025-08-05,14.25,utilities
59,2025-08-05,23.02,utilities
98,2025-08-05,31.75,travel
26,2025-08-06,72.21,fuel
31,2025-08-06,13.52,dining
34,2025-08-06,36.33,dining
36,2025-08-06,14.3,utilities
44,2025-08-06,93.55,fuel
106,2025-08-06,13.41,fuel
12,2025-08-07,10.16,utilities
30,2025-08-07,17.0,travel
36,2025-08-07,47.79,groceries
58,2025-08-07,8.58,utilities
81,2025-08-07,106.55,travel
83,2025-08-07,22.64,groceries
98,2025-08-07,56.65,groceries
112,2025-08-07,27.86,utilities
17,2025-08-08,29.42,groceries
32,2025-08-08,12.01,retail
48,2025-08-08,21.49,utilities
59,2025-08-08,11.14,fuel
83,2025-08-08,264.11,retail
91,2025-08-08,10.41,groceries
6,2025-08-09,10.14,travel
16,2025-08-09,72.47,utilities
35,2025-08-09,51.11,utilities
45,2025-08-09,27.41,retail
48,2025-08-09,43.4,fuel
90,2025-08-09,17.14,fuel
115,2025-08-09,43.75,dining
116,2025-08-09,27.15,utilities
16,2025-08-10,8.91,groceries
30,2025-08-10,21.59,utilities
37,2025-08-10,48.93,travel
47,2025-08-10,86.85,travel
55,2025-08-10,24.52,utilities
58,2025-08-10,93.04,retail
59,2025-08-10,27.49,fuel
63,2025-08-10,15.8,utilities
85,2025-08-10,272.44,groceries
100,2025-08-10,25.52,fuel
102,2025-08-10,110.07,travel
106,2025-08-10,17.41,groceries
111,2025-08-10,27.25,travel
114,2025-08-10,13.73,utilities
11,2025-08-11,43.95,travel
80,2025-08-11,54.25,fuel
83,2025-08-11,18.18,retail
99,2025-08-11,27.76,utilities
18,2025-08-12,31.8,groceries
84,2025-08-12,12.26,dining
91,2025-08-12,10.75,travel
114,2025-08-12,50.07,retail
34,2025-08-13,307.17,utilities
64,2025-08-13,65.38,dining
83,2025-08-13,30.82,utilities
91,2025-08-13,87.51,fuel
92,2025-08-13,16.46,fuel
100,2025-08-13,68.3,utilities
30,2025-08-14,29.66,travel
31,2025-08-14,15.74,utilities
62,2025-08-14,273.98,retail
63,2025-08-14,49.47,groceries
104,2025-08-14,212.54,retail
111,2025-08-14,63.81,travel
6,2025-08-15,10.35,fuel
26,2025-08-15,43.21,travel
32,2025-08-15,25.2,travel
36,2025-08-15,19.71,fuel
112,2025-08-15,64.52,utilities
81,2025-08-16,11.11,fuel
83,2025-08-16,77.04,retail
100,2025-08-16,15.75,travel
12,2025-08-17,31.08,groceries
44,2025-08-17,10.97,groceries
59,2025-08-17,29.09,groceries
17,2025-08-18,35.59,dining
91,2025-08-18,25.47,fuel
26,2025-08-19,21.52,retail
32,2025-08-19,43.98,fuel
45,2025-08-19,120.14,retail
48,2025-08-19,42.02,utilities
11,2025-08-20,52.71,travel
84,2025-08-20,17.2,dining
30,2025-08-21,53.26,dining
35,2025-08-21,121.07,travel
90,2025-08-21,28.92,groceries
102,2025-08-21,29.17,retail
116,2025-08-21,53.57,travel
18,2025-08-22,13.72,retail
47,2025-08-22,7.5,groceries
58,2025-08-22,104.67,travel
63,2025-08-22,85.14,utilities
81,2025-08-22,41.9,retail
84,2025-08-22,120.83,fuel
92,2025-08-22,22.96,groceries
111,2025-08-22,35.07,retail
48,2025-08-23,46.99,travel
92,2025-08-23,16.88,utilities
115,2025-08-23,102.82,dining
17,2025-08-24,104.49,groceries
37,2025-08-24,14.14,travel
55,2025-08-24,51.19,retail
59,2025-08-24,22.37,dining
85,2025-08-24,86.49,retail
99,2025-08-24,55.11,utilities
112,2025-08-24,18.9,retail
116,2025-08-24,43.49,groceries
31,2025-08-25,86.68,groceries
36,2025-08-25,169.14,retail
45,2025-08-25,39.47,utilities
64,2025-08-25,13.28,travel
80,2025-08-25,12.82,dining
12,2025-08-26,81.6,retail
30,2025-08-26,58.07,utilities
62,2025-08-26,56.31,dining
63,2025-08-26,28.24,retail
64,2025-08-26,67.26,retail
104,2025-08-26,41.76,groceries
18,2025-08-27,30.26,dining
34,2025-08-27,29.06,utilities
37,2025-08-27,15.25,utilities
111,2025-08-27,84.21,retail
31,2025-08-28,29.73,fuel
44,2025-08-28,31.71,retail
102,2025-08-28,60.16,travel
104,2025-08-28,17.27,groceries
6,2025-08-29,72.13,travel
18,2025-08-29,39.79,fuel
26,2025-08-29,89.4,utilities
31,2025-08-29,283.08,dining
44,2025-08-29,11.86,groceries
55,2025-08-29,24.44,fuel
92,2025-08-29,19.49,dining
18,2025-08-30,18.0,fuel
37,2025-08-30,10.03,groceries
45,2025-08-30,61.06,fuel
99,2025-08-30,16.08,dining
111,2025-08-30,32.18,fuel
6,2025-08-31,9.07,utilities
58,2025-08-31,34.04,fuel
91,2025-08-31,58.4,dining
115,2025-08-31,48.32,retail
6,2025-09-01,65.42,retail
30,2025-09-01,7.97,retail
81,2025-09-01,100.32,groceries
90,2025-09-01,1.61,travel
102,2025-09-01,11.93,utilities
84,2025-09-02,7.59,retail
48,2025-09-03,86.39,dining
62,2025-09-03,69.55,fuel
48,2025-09-04,30.5,utilities
63,2025-09-04,13.13,dining
85,2025-09-04,11.55,utilities
90,2025-09-04,7.71,utilities
91,2025-09-04,19.01,dining
17,2025-09-05,137.88,retail
112,2025-09-05,48.45,travel
116,2025-09-05,63.95,travel
12,2025-09-06,36.35,retail
18,2025-09-06,79.87,dining
84,2025-09-06,34.71,dining
91,2025-09-06,75.45,travel
115,2025-09-06,5.94,groceries
37,2025-09-07,182.7,travel
36,2025-09-08,80.22,groceries
55,2025-09-08,142.4,groceries
80,2025-09-08,24.31,travel
34,2025-09-09,28.23,fuel
44,2025-09-09,54.82,dining
58,2025-09-09,3.13,dining
62,2025-09-09,10.66,retail
99,2025-09-09,41.58,groceries
111,2025-09-09,52.84,retail
37,2025-09-10,17.59,utilities
45,2025-09-10,336.48,utilities
30,2025-09-11,16.62,fuel
80,2025-09-11,429.86,travel
90,2025-09-11,48.14,groceries
55,2025-09-12,25.08,utilities
58,2025-09-13,16.55,fuel
81,2025-09-13,6.9,travel
112,2025-09-13,22.47,travel
48,2025-09-14,27.76,retail
91,2025-09-14,31.08,groceries
99,2025-09-14,28.91,groceries
6,2025-09-15,28.28,groceries
17,2025-09-15,46.59,groceries
80,2025-09-15,125.44,dining
91,2025-09-15,29.27,dining
102,2025-09-15,21.54,fuel
112,2025-09-15,8.72,utilities
12,2025-09-16,77.97,dining
34,2025-09-16,40.27,retail
18,2025-09-17,24.52,utilities
85,2025-09-17,63.1,retail
12,2025-09-18,51.27,dining
6,2025-09-19,71.55,travel
36,2025-09-19,99.31,utilities
37,2025-09-20,48.77,retail
62,2025-09-20,12.54,fuel
81,2025-09-20,6.3,retail
102,2025-09-20,37.94,fuel
99,2025-09-21,24.89,travel
62,2025-09-22,17.81,fuel
30,2025-09-24,35.78,groceries
34,2025-09-24,12.9,retail
45,2025-09-24,30.44,utilities
81,2025-09-24,50.86,fuel
102,2025-09-24,27.51,retail
45,2025-09-25,41.8,groceries
112,2025-09-25,14.78,utilities
55,2025-09-26,6.8,retail
58,2025-09-26,198.93,groceries
81,2025-09-26,20.29,fuel
91,2025-09-26,85.39,retail
30,2025-09-27,28.05,groceries
80,2025-09-27,87.71,dining
85,2025-09-27,15.95,utilities
48,2025-09-28,16.34,groceries
81,2025-09-28,39.61,dining
85,2025-09-28,45.5,dining
102,2025-09-28,67.5,travel
37,2025-09-30,198.33,fuel
112,2025-09-30,12.0,utilities
30,2025-10-02,32.3,travel
45,2025-10-02,31.36,travel
6,2025-10-03,17.16,travel
55,2025-10-03,79.82,groceries
37,2025-10-04,19.7,travel
62,2025-10-05,17.91,retail
85,2025-10-05,47.07,groceries
34,2025-10-06,12.94,groceries
81,2025-10-06,3.88,fuel
58,2025-10-07,18.34,travel
91,2025-10-07,54.98,fuel
45,2025-10-08,26.43,travel
62,2025-10-08,55.71,groceries
91,2025-10-08,21.96,utilities
102,2025-10-09,107.65,retail
48,2025-10-11,35.64,groceries
55,2025-10-13,40.45,fuel
81,2025-10-15,42.69,travel
37,2025-10-18,32.78,utilities
85,2025-10-18,55.6,groceries
45,2025-10-19,45.03,dining
58,2025-10-20,28.08,retail
62,2025-10-20,130.94,retail
37,2025-10-21,14.86,groceries
91,2025-10-21,17.83,retail
55,2025-10-23,29.81,utilities
58,2025-10-23,40.23,retail
85,2025-10-23,151.09,groceries
48,2025-10-24,80.43,dining
55,2025-10-24,13.72,retail
37,2025-10-26,16.7,fuel
37,2025-10-27,47.94,dining
45,2025-10-27,62.52,travel
81,2025-10-27,64.24,dining
62,2025-10-28,67.39,utilities
48,2025-10-30,28.29,dining
58,2025-11-01,18.26,dining
45,2025-11-02,12.16,travel
55,2025-11-03,19.82,dining
81,2025-11-04,23.47,fuel
85,2025-11-06,32.3,utilities
48,2025-11-07,48.48,fuel
45,2025-11-08,18.81,groceries
45,2025-11-09,8.57,dining
58,2025-11-09,42.46,fuel
58,2025-11-11,10.33,retail
85,2025-11-13,19.92,groceries
45,2025-11-18,78.03,utilities
48,2025-11-18,10.99,utilities
85,2025-11-19,25.31,groceries
85,2025-11-25,22.98,travel
85,2025-11-26,50.19,dining
48,2025-11-29,77.41,dining
45,2025-12-02,6.11,dining
45,2025-12-04,29.86,dining
85,2025-12-08,84.74,retail
85,2025-12-11,36.35,dining
